API Start,API Dur,Queue Start,Queue Dur,Kernel Start,Kernel Dur,Total Dur,PID,TID,DevId,API Function,GridXYZ,BlockXYZ,Kernel Name
2.19219s,4.486 ms,-,-,2.19668s,2.560 μs,4.487 ms,235722,235722,0,cudaLaunchKernel,12 1 2001,0256 1 1,"void cask__5x_cudnn::computeOffsetsKernel<(bool)0, (bool)0>(cask__5x_cudnn::ComputeOffsetsParams)"
2.19668s,18.802 ms,-,-,2.21548s,11.003 ms,29.804 ms,235722,235722,0,cudaLaunchKernel,3025 1 1,0128 1 1,_5x_cudnn_volta_scudnn_128x64_relu_xregs_large_nn_v1
2.2156s,13.014 ms,-,-,2.22861s,1.718 ms,14.731 ms,235722,235722,0,cudaLaunchKernel,96800 1 1,0128 1 1,"void at::native::elementwise_kernel<(int)128, (int)2, void at::native::gpu_kernel_impl_nocast<at::native::CUDAFunctor_add<float>>(at::TensorIteratorBase &, const T1 &)::[lambda(int) (instance 1)]>(int, T3)"
2.22873s,6.636 ms,2.23537s,396 ns,2.23537s,1.356 ms,7.993 ms,235722,235722,0,cudaLaunchKernel,48400 1 1,0128 1 1,"void at::native::vectorized_elementwise_kernel<(int)4, at::native::<unnamed>::launch_clamp_scalar(at::TensorIteratorBase &, c10::Scalar, c10::Scalar, at::native::detail::ClampLimits)::[lambda() (instance 1)]::operator ()() const::[lambda() (instance 7)]::operator ()() const::[lambda(float) (instance 1)], at::detail::Array<char *, (int)2>>(int, T2, T3)"
2.23564s,1.141 ms,2.23678s,1.363 μs,2.23678s,2.051 ms,3.194 ms,235722,235722,0,cudaLaunchKernel,23328 1 1,0256 1 1,"void at::native::<unnamed>::max_pool_forward_nchw<float, float>(int, const T1 *, long, long, long, int, int, int, int, int, int, int, int, int, int, T1 *, long *)"
2.24038s,336.607 μs,2.24072s,1.084 μs,2.24072s,979.971 μs,1.318 ms,235722,235722,0,cudaLaunchKernel,16   64    1,0936 1 1,"void cudnn::winograd_nonfused::winogradForwardData9x9_5x5<float, float>(cudnn::winograd_nonfused::WinogradDataParams<T1, T2>)"
2.24072s,8.784 μs,2.24073s,975.573 μs,2.2417s,77.664 μs,1.062 ms,235722,235722,0,cudaLaunchKernel,1  192    1,64   13    1,"void cudnn::winograd_nonfused::winogradForwardFilter9x9_5x5<float, float>(cudnn::winograd_nonfused::WinogradFilterParams<T1, T2>)"
2.24074s,4.453 μs,2.24075s,1.033 ms,2.24178s,3.514 ms,4.552 ms,235722,235722,0,cudaLaunchKernel,18    3  169,64    1    1,volta_sgemm_64x64_nn
2.24075s,13.048 μs,2.24076s,4.537 ms,2.2453s,2.295 ms,6.845 ms,235722,235722,0,cudaLaunchKernel,16  192    1,0936 1 1,"void cudnn::winograd_nonfused::winogradForwardOutput9x9_5x5<float, float>(cudnn::winograd_nonfused::WinogradOutputParams<T1, T2>)"
2.24081s,3.000 μs,2.24081s,6.785 ms,2.24759s,1.241 ms,8.030 ms,235722,235722,0,cudaLaunchKernel,69984 1 1,0128 1 1,"void at::native::elementwise_kernel<(int)128, (int)2, void at::native::gpu_kernel_impl_nocast<at::native::CUDAFunctor_add<float>>(at::TensorIteratorBase &, const T1 &)::[lambda(int) (instance 1)]>(int, T3)"
2.24084s,2.508 μs,2.24084s,7.995 ms,2.24884s,981.314 μs,8.979 ms,235722,235722,0,cudaLaunchKernel,34992 1 1,0128 1 1,"void at::native::vectorized_elementwise_kernel<(int)4, at::native::<unnamed>::launch_clamp_scalar(at::TensorIteratorBase &, c10::Scalar, c10::Scalar, at::native::detail::ClampLimits)::[lambda() (instance 1)]::operator ()() const::[lambda() (instance 7)]::operator ()() const::[lambda(float) (instance 1)], at::detail::Array<char *, (int)2>>(int, T2, T3)"
2.24087s,3.029 μs,2.24087s,8.947 ms,2.24982s,1.482 ms,10.432 ms,235722,235722,0,cudaLaunchKernel,16224 1 1,0256 1 1,"void at::native::<unnamed>::max_pool_forward_nchw<float, float>(int, const T1 *, long, long, long, int, int, int, int, int, int, int, int, int, int, T1 *, long *)"
2.24127s,18.320 μs,2.24129s,10.018 ms,2.2513s,586.434 μs,10.623 ms,235722,235722,0,cudaLaunchKernel,8  192    1,0256 1 1,"void cudnn::winograd_nonfused::winogradForwardData4x4<float, float>(cudnn::winograd_nonfused::WinogradDataParams<T1, T2>)"
2.24129s,8.794 μs,2.2413s,10.600 ms,2.2519s,118.656 μs,10.727 ms,235722,235722,0,cudaLaunchKernel,6   48    1,32    8    1,"void cudnn::winograd_nonfused::winogradForwardFilter4x4<float, float>(cudnn::winograd_nonfused::WinogradFilterParams<T1, T2>)"
2.2413s,3.498 μs,2.2413s,10.714 ms,2.25202s,10.648 ms,21.365 ms,235722,235722,0,cudaLaunchKernel,64    3   36,0256 1 1,volta_sgemm_32x128_nn
2.2413s,9.890 μs,2.24131s,21.355 ms,2.26267s,998.210 μs,22.364 ms,235722,235722,0,cudaLaunchKernel,8  384    1,0256 1 1,"void cudnn::winograd_nonfused::winogradForwardOutput4x4<float, float>(cudnn::winograd_nonfused::WinogradOutputParams<T1, T2>)"
2.24133s,2.025 μs,2.24133s,22.337 ms,2.26367s,576.674 μs,22.916 ms,235722,235722,0,cudaLaunchKernel,32448 1 1,0128 1 1,"void at::native::elementwise_kernel<(int)128, (int)2, void at::native::gpu_kernel_impl_nocast<at::native::CUDAFunctor_add<float>>(at::TensorIteratorBase &, const T1 &)::[lambda(int) (instance 1)]>(int, T3)"
2.24134s,2.376 μs,2.24135s,22.898 ms,2.26424s,455.713 μs,23.356 ms,235722,235722,0,cudaLaunchKernel,16224 1 1,0128 1 1,"void at::native::vectorized_elementwise_kernel<(int)4, at::native::<unnamed>::launch_clamp_scalar(at::TensorIteratorBase &, c10::Scalar, c10::Scalar, at::native::detail::ClampLimits)::[lambda() (instance 1)]::operator ()() const::[lambda() (instance 7)]::operator ()() const::[lambda(float) (instance 1)], at::detail::Array<char *, (int)2>>(int, T2, T3)"
2.24167s,3.476 μs,2.24168s,23.024 ms,2.2647s,1.138 ms,24.166 ms,235722,235722,0,cudaLaunchKernel,8  384    1,0256 1 1,"void cudnn::winograd_nonfused::winogradForwardData4x4<float, float>(cudnn::winograd_nonfused::WinogradDataParams<T1, T2>)"
2.24168s,1.429 μs,2.24168s,24.161 ms,2.26584s,157.153 μs,24.320 ms,235722,235722,0,cudaLaunchKernel,12   32    1,32    8    1,"void cudnn::winograd_nonfused::winogradForwardFilter4x4<float, float>(cudnn::winograd_nonfused::WinogradFilterParams<T1, T2>)"
2.24168s,1.636 μs,2.24168s,24.317 ms,2.266s,13.628 ms,37.947 ms,235722,235722,0,cudaLaunchKernel,64    2   36,0256 1 1,volta_sgemm_32x128_nn
2.24168s,1.491 μs,2.24168s,37.944 ms,2.27963s,666.625 μs,38.612 ms,235722,235722,0,cudaLaunchKernel,8  256    1,0256 1 1,"void cudnn::winograd_nonfused::winogradForwardOutput4x4<float, float>(cudnn::winograd_nonfused::WinogradOutputParams<T1, T2>)"
2.2417s,2.215 μs,2.2417s,38.594 ms,2.28029s,386.337 μs,38.982 ms,235722,235722,0,cudaLaunchKernel,21632 1 1,0128 1 1,"void at::native::elementwise_kernel<(int)128, (int)2, void at::native::gpu_kernel_impl_nocast<at::native::CUDAFunctor_add<float>>(at::TensorIteratorBase &, const T1 &)::[lambda(int) (instance 1)]>(int, T3)"
2.24171s,1.828 μs,2.24171s,38.969 ms,2.28068s,303.969 μs,39.274 ms,235722,235722,0,cudaLaunchKernel,10816 1 1,0128 1 1,"void at::native::vectorized_elementwise_kernel<(int)4, at::native::<unnamed>::launch_clamp_scalar(at::TensorIteratorBase &, c10::Scalar, c10::Scalar, at::native::detail::ClampLimits)::[lambda() (instance 1)]::operator ()() const::[lambda() (instance 7)]::operator ()() const::[lambda(float) (instance 1)], at::detail::Array<char *, (int)2>>(int, T2, T3)"
2.24203s,3.070 μs,2.24204s,38.951 ms,2.28099s,771.458 μs,39.725 ms,235722,235722,0,cudaLaunchKernel,8  256    1,0256 1 1,"void cudnn::winograd_nonfused::winogradForwardData4x4<float, float>(cudnn::winograd_nonfused::WinogradDataParams<T1, T2>)"
2.24204s,1.556 μs,2.24204s,39.721 ms,2.28176s,97.249 μs,39.820 ms,235722,235722,0,cudaLaunchKernel,8   32    1,32    8    1,"void cudnn::winograd_nonfused::winogradForwardFilter4x4<float, float>(cudnn::winograd_nonfused::WinogradFilterParams<T1, T2>)"
2.24204s,1.607 μs,2.24204s,39.816 ms,2.28186s,9.263 ms,49.080 ms,235722,235722,0,cudaLaunchKernel,64    2   36,0256 1 1,volta_sgemm_32x128_nn
2.24204s,1.387 μs,2.24204s,49.078 ms,2.29112s,670.146 μs,49.749 ms,235722,235722,0,cudaLaunchKernel,8  256    1,0256 1 1,"void cudnn::winograd_nonfused::winogradForwardOutput4x4<float, float>(cudnn::winograd_nonfused::WinogradOutputParams<T1, T2>)"
2.24205s,2.351 μs,2.24206s,49.733 ms,2.29179s,387.073 μs,50.123 ms,235722,235722,0,cudaLaunchKernel,21632 1 1,0128 1 1,"void at::native::elementwise_kernel<(int)128, (int)2, void at::native::gpu_kernel_impl_nocast<at::native::CUDAFunctor_add<float>>(at::TensorIteratorBase &, const T1 &)::[lambda(int) (instance 1)]>(int, T3)"
2.24207s,1.748 μs,2.24207s,50.108 ms,2.29218s,304.001 μs,50.414 ms,235722,235722,0,cudaLaunchKernel,10816 1 1,0128 1 1,"void at::native::vectorized_elementwise_kernel<(int)4, at::native::<unnamed>::launch_clamp_scalar(at::TensorIteratorBase &, c10::Scalar, c10::Scalar, at::native::detail::ClampLimits)::[lambda() (instance 1)]::operator ()() const::[lambda() (instance 7)]::operator ()() const::[lambda(float) (instance 1)], at::detail::Array<char *, (int)2>>(int, T2, T3)"
2.24208s,2.008 μs,2.24209s,50.398 ms,2.29248s,461.953 μs,50.861 ms,235722,235722,0,cudaLaunchKernel,4608 1 1,0256 1 1,"void at::native::<unnamed>::max_pool_forward_nchw<float, float>(int, const T1 *, long, long, long, int, int, int, int, int, int, int, int, int, int, T1 *, long *)"
2.24216s,50.930 ms,2.29309s,107 ns,2.29309s,1.728 ms,52.658 ms,235722,235722,0,cudaLaunchKernel,32768 1 1,32    8    1,"void at::native::<unnamed>::adaptive_average_pool<float>(const T1 *, T1 *, int, int, int, int, long, long, long)"
2.29327s,3.667 ms,2.29694s,724 ns,2.29694s,77.024 μs,3.745 ms,235722,235722,0,cudaLaunchKernel,56    1    1,0256 1 1,"void at::native::<unnamed>::fused_dropout_kernel_vec<float, float, unsigned int, (int)1, (int)4, bool>(at::cuda::detail::TensorInfo<const T1, T3>, at::cuda::detail::TensorInfo<T1, T3>, at::cuda::detail::TensorInfo<T6, T3>, T3, T2, at::PhiloxCudaState)"
2.29991s,7.987 μs,2.29992s,933 ns,2.29992s,5.698 ms,5.707 ms,235722,235722,0,cudaLaunchKernel,32    1    5,0256 1 1,volta_sgemm_128x128_tn
2.29996s,4.685 μs,2.29997s,5.653 ms,2.30562s,27.968 μs,5.686 ms,235722,235722,0,cudaLaunchKernel,1024 1 1,0128 1 1,"void at::native::vectorized_elementwise_kernel<(int)4, at::native::<unnamed>::launch_clamp_scalar(at::TensorIteratorBase &, c10::Scalar, c10::Scalar, at::native::detail::ClampLimits)::[lambda() (instance 1)]::operator ()() const::[lambda() (instance 7)]::operator ()() const::[lambda(float) (instance 1)], at::detail::Array<char *, (int)2>>(int, T2, T3)"
2.3s,2.982 μs,2.3s,5.645 ms,2.30565s,36.865 μs,5.685 ms,235722,235722,0,cudaLaunchKernel,56    1    1,0256 1 1,"void at::native::<unnamed>::fused_dropout_kernel_vec<float, float, unsigned int, (int)1, (int)4, bool>(at::cuda::detail::TensorInfo<const T1, T3>, at::cuda::detail::TensorInfo<T1, T3>, at::cuda::detail::TensorInfo<T6, T3>, T3, T2, at::PhiloxCudaState)"
2.30007s,4.055 μs,2.30007s,5.621 ms,2.30569s,4.129 ms,9.754 ms,235722,235722,0,cudaLaunchKernel,64    4    1,0256 1 1,volta_sgemm_64x32_sliced1x4_tn
2.30008s,1.905 μs,2.30008s,9.742 ms,2.30982s,26.336 μs,9.770 ms,235722,235722,0,cudaLaunchKernel,1024 1 1,0128 1 1,"void at::native::vectorized_elementwise_kernel<(int)4, at::native::<unnamed>::launch_clamp_scalar(at::TensorIteratorBase &, c10::Scalar, c10::Scalar, at::native::detail::ClampLimits)::[lambda() (instance 1)]::operator ()() const::[lambda() (instance 7)]::operator ()() const::[lambda(float) (instance 1)], at::detail::Array<char *, (int)2>>(int, T2, T3)"
2.30012s,2.362 μs,2.30012s,9.730 ms,2.30985s,44.992 μs,9.778 ms,235722,235722,0,cudaLaunchKernel,1 1 26,0256 1 1,volta_sgemm_32x128_tn
2.30012s,10.278 ms,2.3104s,737 ns,2.3104s,5.311 μs,10.284 ms,235722,235722,0,cudaLaunchKernel,1 8 2001,32   16    1,"void splitKreduce_kernel<(int)32, (int)16, int, float, float, float, float, (bool)1, (bool)1, (bool)0>(cublasSplitKParams<T6>, const T4 *, const T5 *, T5 *, const T6 *, const T6 *, const T7 *, const T4 *, T7 *, void *, long, T6 *, int *)"
2.3105s,5.137 ms,2.31563s,1.365 μs,2.31563s,6.176 μs,5.145 ms,235722,235722,0,cudaLaunchKernel,2 1 2001,8   64    1,"void at::native::reduce_kernel<(int)512, (int)1, at::native::ReduceOp<float, at::native::MaxOps<float>, unsigned int, float, (int)4>>(T3)"
2.32767s,12.252 μs,-,-,2.32769s,2.176 μs,14.277 μs,235722,235722,0,cudaLaunchKernel,12 1 2001,0256 1 1,"void cask__5x_cudnn::computeOffsetsKernel<(bool)0, (bool)0>(cask__5x_cudnn::ComputeOffsetsParams)"
2.32769s,30.680 μs,2.32772s,1.044 μs,2.32772s,9.834 ms,9.866 ms,235722,235722,0,cudaLaunchKernel,3025 1 1,0128 1 1,_5x_cudnn_volta_scudnn_128x64_relu_xregs_large_nn_v1
2.32774s,4.981 μs,2.32775s,9.813 ms,2.33756s,1.579 ms,11.398 ms,235722,235722,0,cudaLaunchKernel,96800 1 1,0128 1 1,"void at::native::elementwise_kernel<(int)128, (int)2, void at::native::gpu_kernel_impl_nocast<at::native::CUDAFunctor_add<float>>(at::TensorIteratorBase &, const T1 &)::[lambda(int) (instance 1)]>(int, T3)"
2.32777s,3.453 μs,2.32777s,11.370 ms,2.33914s,1.365 ms,12.739 ms,235722,235722,0,cudaLaunchKernel,48400 1 1,0128 1 1,"void at::native::vectorized_elementwise_kernel<(int)4, at::native::<unnamed>::launch_clamp_scalar(at::TensorIteratorBase &, c10::Scalar, c10::Scalar, at::native::detail::ClampLimits)::[lambda() (instance 1)]::operator ()() const::[lambda() (instance 7)]::operator ()() const::[lambda(float) (instance 1)], at::detail::Array<char *, (int)2>>(int, T2, T3)"
2.32779s,3.232 μs,2.32779s,12.711 ms,2.3405s,1.861 ms,14.576 ms,235722,235722,0,cudaLaunchKernel,23328 1 1,0256 1 1,"void at::native::<unnamed>::max_pool_forward_nchw<float, float>(int, const T1 *, long, long, long, int, int, int, int, int, int, int, int, int, int, T1 *, long *)"
2.32782s,3.776 μs,2.32782s,14.547 ms,2.34237s,883.362 μs,15.434 ms,235722,235722,0,cudaLaunchKernel,16   64    1,0936 1 1,"void cudnn::winograd_nonfused::winogradForwardData9x9_5x5<float, float>(cudnn::winograd_nonfused::WinogradDataParams<T1, T2>)"
2.32782s,2.288 μs,2.32782s,15.428 ms,2.34325s,75.169 μs,15.506 ms,235722,235722,0,cudaLaunchKernel,1  192    1,64   13    1,"void cudnn::winograd_nonfused::winogradForwardFilter9x9_5x5<float, float>(cudnn::winograd_nonfused::WinogradFilterParams<T1, T2>)"
2.32783s,3.474 μs,2.32784s,15.489 ms,2.34333s,3.141 ms,18.634 ms,235722,235722,0,cudaLaunchKernel,18    3  169,64    1    1,volta_sgemm_64x64_nn
2.32784s,1.897 μs,2.32784s,18.628 ms,2.34647s,2.133 ms,20.763 ms,235722,235722,0,cudaLaunchKernel,16  192    1,0936 1 1,"void cudnn::winograd_nonfused::winogradForwardOutput9x9_5x5<float, float>(cudnn::winograd_nonfused::WinogradOutputParams<T1, T2>)"
2.32784s,1.820 μs,2.32785s,20.755 ms,2.3486s,1.142 ms,21.899 ms,235722,235722,0,cudaLaunchKernel,69984 1 1,0128 1 1,"void at::native::elementwise_kernel<(int)128, (int)2, void at::native::gpu_kernel_impl_nocast<at::native::CUDAFunctor_add<float>>(at::TensorIteratorBase &, const T1 &)::[lambda(int) (instance 1)]>(int, T3)"
2.32785s,1.903 μs,2.32785s,21.890 ms,2.34974s,987.587 μs,22.880 ms,235722,235722,0,cudaLaunchKernel,34992 1 1,0128 1 1,"void at::native::vectorized_elementwise_kernel<(int)4, at::native::<unnamed>::launch_clamp_scalar(at::TensorIteratorBase &, c10::Scalar, c10::Scalar, at::native::detail::ClampLimits)::[lambda() (instance 1)]::operator ()() const::[lambda() (instance 7)]::operator ()() const::[lambda(float) (instance 1)], at::detail::Array<char *, (int)2>>(int, T2, T3)"
2.32786s,1.705 μs,2.32786s,22.869 ms,2.35073s,1.357 ms,24.228 ms,235722,235722,0,cudaLaunchKernel,16224 1 1,0256 1 1,"void at::native::<unnamed>::max_pool_forward_nchw<float, float>(int, const T1 *, long, long, long, int, int, int, int, int, int, int, int, int, int, T1 *, long *)"
2.32788s,3.634 μs,2.32788s,24.210 ms,2.35209s,587.041 μs,24.800 ms,235722,235722,0,cudaLaunchKernel,8  192    1,0256 1 1,"void cudnn::winograd_nonfused::winogradForwardData4x4<float, float>(cudnn::winograd_nonfused::WinogradDataParams<T1, T2>)"
2.32788s,1.783 μs,2.32788s,24.796 ms,2.35268s,114.209 μs,24.912 ms,235722,235722,0,cudaLaunchKernel,6   48    1,32    8    1,"void cudnn::winograd_nonfused::winogradForwardFilter4x4<float, float>(cudnn::winograd_nonfused::WinogradFilterParams<T1, T2>)"
2.32788s,2.134 μs,2.32789s,24.907 ms,2.35279s,9.527 ms,34.436 ms,235722,235722,0,cudaLaunchKernel,64    3   36,0256 1 1,volta_sgemm_32x128_nn
2.32789s,1.925 μs,2.32789s,34.432 ms,2.36232s,994.435 μs,35.429 ms,235722,235722,0,cudaLaunchKernel,8  384    1,0256 1 1,"void cudnn::winograd_nonfused::winogradForwardOutput4x4<float, float>(cudnn::winograd_nonfused::WinogradOutputParams<T1, T2>)"
2.32789s,1.678 μs,2.32789s,35.422 ms,2.36332s,532.577 μs,35.957 ms,235722,235722,0,cudaLaunchKernel,32448 1 1,0128 1 1,"void at::native::elementwise_kernel<(int)128, (int)2, void at::native::gpu_kernel_impl_nocast<at::native::CUDAFunctor_add<float>>(at::TensorIteratorBase &, const T1 &)::[lambda(int) (instance 1)]>(int, T3)"
2.3279s,1.839 μs,2.3279s,35.949 ms,2.36385s,458.401 μs,36.409 ms,235722,235722,0,cudaLaunchKernel,16224 1 1,0128 1 1,"void at::native::vectorized_elementwise_kernel<(int)4, at::native::<unnamed>::launch_clamp_scalar(at::TensorIteratorBase &, c10::Scalar, c10::Scalar, at::native::detail::ClampLimits)::[lambda() (instance 1)]::operator ()() const::[lambda() (instance 7)]::operator ()() const::[lambda(float) (instance 1)], at::detail::Array<char *, (int)2>>(int, T2, T3)"
2.32791s,1.517 μs,2.32791s,36.395 ms,2.36431s,1.144 ms,37.540 ms,235722,235722,0,cudaLaunchKernel,8  384    1,0256 1 1,"void cudnn::winograd_nonfused::winogradForwardData4x4<float, float>(cudnn::winograd_nonfused::WinogradDataParams<T1, T2>)"
2.32791s,1.319 μs,2.32791s,37.538 ms,2.36545s,152.704 μs,37.692 ms,235722,235722,0,cudaLaunchKernel,12   32    1,32    8    1,"void cudnn::winograd_nonfused::winogradForwardFilter4x4<float, float>(cudnn::winograd_nonfused::WinogradFilterParams<T1, T2>)"
2.32792s,1.249 μs,2.32792s,37.689 ms,2.36561s,12.182 ms,49.873 ms,235722,235722,0,cudaLaunchKernel,64    2   36,0256 1 1,volta_sgemm_32x128_nn
2.32792s,1.344 μs,2.32792s,49.871 ms,2.37779s,665.538 μs,50.538 ms,235722,235722,0,cudaLaunchKernel,8  256    1,0256 1 1,"void cudnn::winograd_nonfused::winogradForwardOutput4x4<float, float>(cudnn::winograd_nonfused::WinogradOutputParams<T1, T2>)"
2.32792s,2.787 μs,2.32792s,50.531 ms,2.37846s,355.169 μs,50.889 ms,235722,235722,0,cudaLaunchKernel,21632 1 1,0128 1 1,"void at::native::elementwise_kernel<(int)128, (int)2, void at::native::gpu_kernel_impl_nocast<at::native::CUDAFunctor_add<float>>(at::TensorIteratorBase &, const T1 &)::[lambda(int) (instance 1)]>(int, T3)"
2.32793s,1.587 μs,2.32793s,50.881 ms,2.37881s,305.889 μs,51.189 ms,235722,235722,0,cudaLaunchKernel,10816 1 1,0128 1 1,"void at::native::vectorized_elementwise_kernel<(int)4, at::native::<unnamed>::launch_clamp_scalar(at::TensorIteratorBase &, c10::Scalar, c10::Scalar, at::native::detail::ClampLimits)::[lambda() (instance 1)]::operator ()() const::[lambda() (instance 7)]::operator ()() const::[lambda(float) (instance 1)], at::detail::Array<char *, (int)2>>(int, T2, T3)"
2.32794s,1.457 μs,2.32794s,51.176 ms,2.37912s,778.786 μs,51.956 ms,235722,235722,0,cudaLaunchKernel,8  256    1,0256 1 1,"void cudnn::winograd_nonfused::winogradForwardData4x4<float, float>(cudnn::winograd_nonfused::WinogradDataParams<T1, T2>)"
2.32794s,1.370 μs,2.32794s,51.954 ms,2.3799s,93.440 μs,52.049 ms,235722,235722,0,cudaLaunchKernel,8   32    1,32    8    1,"void cudnn::winograd_nonfused::winogradForwardFilter4x4<float, float>(cudnn::winograd_nonfused::WinogradFilterParams<T1, T2>)"
2.32794s,1.247 μs,2.32795s,52.046 ms,2.37999s,8.266 ms,60.313 ms,235722,235722,0,cudaLaunchKernel,64    2   36,0256 1 1,volta_sgemm_32x128_nn
2.32795s,1.204 μs,2.32795s,60.311 ms,2.38826s,666.753 μs,60.979 ms,235722,235722,0,cudaLaunchKernel,8  256    1,0256 1 1,"void cudnn::winograd_nonfused::winogradForwardOutput4x4<float, float>(cudnn::winograd_nonfused::WinogradOutputParams<T1, T2>)"
2.32795s,1.713 μs,2.32795s,60.974 ms,2.38893s,356.322 μs,61.332 ms,235722,235722,0,cudaLaunchKernel,21632 1 1,0128 1 1,"void at::native::elementwise_kernel<(int)128, (int)2, void at::native::gpu_kernel_impl_nocast<at::native::CUDAFunctor_add<float>>(at::TensorIteratorBase &, const T1 &)::[lambda(int) (instance 1)]>(int, T3)"
2.32796s,1.889 μs,2.32796s,61.325 ms,2.38928s,306.401 μs,61.633 ms,235722,235722,0,cudaLaunchKernel,10816 1 1,0128 1 1,"void at::native::vectorized_elementwise_kernel<(int)4, at::native::<unnamed>::launch_clamp_scalar(at::TensorIteratorBase &, c10::Scalar, c10::Scalar, at::native::detail::ClampLimits)::[lambda() (instance 1)]::operator ()() const::[lambda() (instance 7)]::operator ()() const::[lambda(float) (instance 1)], at::detail::Array<char *, (int)2>>(int, T2, T3)"
2.32797s,1.644 μs,2.32797s,61.622 ms,2.38959s,433.249 μs,62.057 ms,235722,235722,0,cudaLaunchKernel,4608 1 1,0256 1 1,"void at::native::<unnamed>::max_pool_forward_nchw<float, float>(int, const T1 *, long, long, long, int, int, int, int, int, int, int, int, int, int, T1 *, long *)"
2.32799s,2.787 μs,2.328s,62.028 ms,2.39002s,1.538 ms,63.569 ms,235722,235722,0,cudaLaunchKernel,32768 1 1,32    8    1,"void at::native::<unnamed>::adaptive_average_pool<float>(const T1 *, T1 *, int, int, int, int, long, long, long)"
2.32803s,3.182 μs,2.32804s,63.527 ms,2.39156s,77.408 μs,63.608 ms,235722,235722,0,cudaLaunchKernel,56    1    1,0256 1 1,"void at::native::<unnamed>::fused_dropout_kernel_vec<float, float, unsigned int, (int)1, (int)4, bool>(at::cuda::detail::TensorInfo<const T1, T3>, at::cuda::detail::TensorInfo<T1, T3>, at::cuda::detail::TensorInfo<T6, T3>, T3, T2, at::PhiloxCudaState)"
2.32808s,2.742 μs,2.32808s,63.565 ms,2.39164s,5.159 ms,68.727 ms,235722,235722,0,cudaLaunchKernel,32    1    5,0256 1 1,volta_sgemm_128x128_tn
2.32808s,1.775 μs,2.32809s,68.716 ms,2.3968s,27.521 μs,68.746 ms,235722,235722,0,cudaLaunchKernel,1024 1 1,0128 1 1,"void at::native::vectorized_elementwise_kernel<(int)4, at::native::<unnamed>::launch_clamp_scalar(at::TensorIteratorBase &, c10::Scalar, c10::Scalar, at::native::detail::ClampLimits)::[lambda() (instance 1)]::operator ()() const::[lambda() (instance 7)]::operator ()() const::[lambda(float) (instance 1)], at::detail::Array<char *, (int)2>>(int, T2, T3)"
2.3281s,1.843 μs,2.3281s,68.731 ms,2.39683s,36.256 μs,68.769 ms,235722,235722,0,cudaLaunchKernel,56    1    1,0256 1 1,"void at::native::<unnamed>::fused_dropout_kernel_vec<float, float, unsigned int, (int)1, (int)4, bool>(at::cuda::detail::TensorInfo<const T1, T3>, at::cuda::detail::TensorInfo<T1, T3>, at::cuda::detail::TensorInfo<T6, T3>, T3, T2, at::PhiloxCudaState)"
2.32812s,2.189 μs,2.32812s,68.751 ms,2.39687s,3.682 ms,72.435 ms,235722,235722,0,cudaLaunchKernel,64    4    1,0256 1 1,volta_sgemm_64x32_sliced1x4_tn
2.32812s,1.630 μs,2.32812s,72.428 ms,2.40055s,26.112 μs,72.456 ms,235722,235722,0,cudaLaunchKernel,1024 1 1,0128 1 1,"void at::native::vectorized_elementwise_kernel<(int)4, at::native::<unnamed>::launch_clamp_scalar(at::TensorIteratorBase &, c10::Scalar, c10::Scalar, at::native::detail::ClampLimits)::[lambda() (instance 1)]::operator ()() const::[lambda() (instance 7)]::operator ()() const::[lambda(float) (instance 1)], at::detail::Array<char *, (int)2>>(int, T2, T3)"
2.32813s,2.534 μs,2.32813s,72.443 ms,2.40058s,40.928 μs,72.487 ms,235722,235722,0,cudaLaunchKernel,1 1 26,0256 1 1,volta_sgemm_32x128_tn
2.32814s,2.412 μs,2.32814s,72.481 ms,2.40062s,4.864 μs,72.489 ms,235722,235722,0,cudaLaunchKernel,1 8 2001,32   16    1,"void splitKreduce_kernel<(int)32, (int)16, int, float, float, float, float, (bool)1, (bool)1, (bool)0>(cublasSplitKParams<T6>, const T4 *, const T5 *, T5 *, const T6 *, const T6 *, const T7 *, const T4 *, T7 *, void *, long, T6 *, int *)"
2.32816s,2.990 μs,2.32816s,72.461 ms,2.40063s,7.904 μs,72.472 ms,235722,235722,0,cudaLaunchKernel,2 1 2001,8   64    1,"void at::native::reduce_kernel<(int)512, (int)1, at::native::ReduceOp<float, at::native::MaxOps<float>, unsigned int, float, (int)4>>(T3)"
2.40783s,19.460 μs,-,-,2.40785s,2.208 μs,20.736 μs,235722,235722,0,cudaLaunchKernel,12 1 2001,0256 1 1,"void cask__5x_cudnn::computeOffsetsKernel<(bool)0, (bool)0>(cask__5x_cudnn::ComputeOffsetsParams)"
2.40786s,5.063 μs,2.40786s,814 ns,2.40786s,9.829 ms,9.835 ms,235722,235722,0,cudaLaunchKernel,3025 1 1,0128 1 1,_5x_cudnn_volta_scudnn_128x64_relu_xregs_large_nn_v1
2.40788s,5.350 μs,2.40788s,9.806 ms,2.41769s,1.580 ms,11.392 ms,235722,235722,0,cudaLaunchKernel,96800 1 1,0128 1 1,"void at::native::elementwise_kernel<(int)128, (int)2, void at::native::gpu_kernel_impl_nocast<at::native::CUDAFunctor_add<float>>(at::TensorIteratorBase &, const T1 &)::[lambda(int) (instance 1)]>(int, T3)"
2.40791s,3.916 μs,2.40791s,11.357 ms,2.41927s,1.365 ms,12.726 ms,235722,235722,0,cudaLaunchKernel,48400 1 1,0128 1 1,"void at::native::vectorized_elementwise_kernel<(int)4, at::native::<unnamed>::launch_clamp_scalar(at::TensorIteratorBase &, c10::Scalar, c10::Scalar, at::native::detail::ClampLimits)::[lambda() (instance 1)]::operator ()() const::[lambda() (instance 7)]::operator ()() const::[lambda(float) (instance 1)], at::detail::Array<char *, (int)2>>(int, T2, T3)"
2.40794s,3.194 μs,2.40794s,12.696 ms,2.42064s,1.860 ms,14.560 ms,235722,235722,0,cudaLaunchKernel,23328 1 1,0256 1 1,"void at::native::<unnamed>::max_pool_forward_nchw<float, float>(int, const T1 *, long, long, long, int, int, int, int, int, int, int, int, int, int, T1 *, long *)"
2.40796s,3.413 μs,2.40796s,14.533 ms,2.4225s,879.363 μs,15.416 ms,235722,235722,0,cudaLaunchKernel,16   64    1,0936 1 1,"void cudnn::winograd_nonfused::winogradForwardData9x9_5x5<float, float>(cudnn::winograd_nonfused::WinogradDataParams<T1, T2>)"
2.40797s,2.353 μs,2.40797s,15.411 ms,2.42338s,74.752 μs,15.488 ms,235722,235722,0,cudaLaunchKernel,1  192    1,64   13    1,"void cudnn::winograd_nonfused::winogradForwardFilter9x9_5x5<float, float>(cudnn::winograd_nonfused::WinogradFilterParams<T1, T2>)"
2.40798s,3.254 μs,2.40798s,15.471 ms,2.42345s,3.142 ms,18.617 ms,235722,235722,0,cudaLaunchKernel,18    3  169,64    1    1,volta_sgemm_64x64_nn
2.40798s,2.118 μs,2.40799s,18.611 ms,2.4266s,2.120 ms,20.733 ms,235722,235722,0,cudaLaunchKernel,16  192    1,0936 1 1,"void cudnn::winograd_nonfused::winogradForwardOutput9x9_5x5<float, float>(cudnn::winograd_nonfused::WinogradOutputParams<T1, T2>)"
2.40799s,1.749 μs,2.40799s,20.725 ms,2.42872s,1.134 ms,21.861 ms,235722,235722,0,cudaLaunchKernel,69984 1 1,0128 1 1,"void at::native::elementwise_kernel<(int)128, (int)2, void at::native::gpu_kernel_impl_nocast<at::native::CUDAFunctor_add<float>>(at::TensorIteratorBase &, const T1 &)::[lambda(int) (instance 1)]>(int, T3)"
2.408s,1.649 μs,2.408s,21.854 ms,2.42985s,987.587 μs,22.843 ms,235722,235722,0,cudaLaunchKernel,34992 1 1,0128 1 1,"void at::native::vectorized_elementwise_kernel<(int)4, at::native::<unnamed>::launch_clamp_scalar(at::TensorIteratorBase &, c10::Scalar, c10::Scalar, at::native::detail::ClampLimits)::[lambda() (instance 1)]::operator ()() const::[lambda() (instance 7)]::operator ()() const::[lambda(float) (instance 1)], at::detail::Array<char *, (int)2>>(int, T2, T3)"
2.40801s,1.851 μs,2.40801s,22.831 ms,2.43084s,1.344 ms,24.177 ms,235722,235722,0,cudaLaunchKernel,16224 1 1,0256 1 1,"void at::native::<unnamed>::max_pool_forward_nchw<float, float>(int, const T1 *, long, long, long, int, int, int, int, int, int, int, int, int, int, T1 *, long *)"
2.40802s,2.144 μs,2.40802s,24.160 ms,2.43218s,589.410 μs,24.752 ms,235722,235722,0,cudaLaunchKernel,8  192    1,0256 1 1,"void cudnn::winograd_nonfused::winogradForwardData4x4<float, float>(cudnn::winograd_nonfused::WinogradDataParams<T1, T2>)"
2.40802s,1.485 μs,2.40803s,24.749 ms,2.43277s,111.744 μs,24.862 ms,235722,235722,0,cudaLaunchKernel,6   48    1,32    8    1,"void cudnn::winograd_nonfused::winogradForwardFilter4x4<float, float>(cudnn::winograd_nonfused::WinogradFilterParams<T1, T2>)"
2.40803s,1.851 μs,2.40803s,24.858 ms,2.43289s,9.358 ms,34.217 ms,235722,235722,0,cudaLaunchKernel,64    3   36,0256 1 1,volta_sgemm_32x128_nn
2.40803s,2.130 μs,2.40803s,34.213 ms,2.44225s,995.875 μs,35.211 ms,235722,235722,0,cudaLaunchKernel,8  384    1,0256 1 1,"void cudnn::winograd_nonfused::winogradForwardOutput4x4<float, float>(cudnn::winograd_nonfused::WinogradOutputParams<T1, T2>)"
2.40804s,1.602 μs,2.40804s,35.205 ms,2.44324s,527.713 μs,35.734 ms,235722,235722,0,cudaLaunchKernel,32448 1 1,0128 1 1,"void at::native::elementwise_kernel<(int)128, (int)2, void at::native::gpu_kernel_impl_nocast<at::native::CUDAFunctor_add<float>>(at::TensorIteratorBase &, const T1 &)::[lambda(int) (instance 1)]>(int, T3)"
2.40804s,1.668 μs,2.40804s,35.727 ms,2.44377s,458.082 μs,36.186 ms,235722,235722,0,cudaLaunchKernel,16224 1 1,0128 1 1,"void at::native::vectorized_elementwise_kernel<(int)4, at::native::<unnamed>::launch_clamp_scalar(at::TensorIteratorBase &, c10::Scalar, c10::Scalar, at::native::detail::ClampLimits)::[lambda() (instance 1)]::operator ()() const::[lambda() (instance 7)]::operator ()() const::[lambda(float) (instance 1)], at::detail::Array<char *, (int)2>>(int, T2, T3)"
2.40806s,1.614 μs,2.40806s,36.172 ms,2.44423s,1.145 ms,37.318 ms,235722,235722,0,cudaLaunchKernel,8  384    1,0256 1 1,"void cudnn::winograd_nonfused::winogradForwardData4x4<float, float>(cudnn::winograd_nonfused::WinogradDataParams<T1, T2>)"
2.40806s,1.205 μs,2.40806s,37.316 ms,2.44538s,150.112 μs,37.467 ms,235722,235722,0,cudaLaunchKernel,12   32    1,32    8    1,"void cudnn::winograd_nonfused::winogradForwardFilter4x4<float, float>(cudnn::winograd_nonfused::WinogradFilterParams<T1, T2>)"
2.40806s,1.258 μs,2.40806s,37.465 ms,2.44553s,11.966 ms,49.432 ms,235722,235722,0,cudaLaunchKernel,64    2   36,0256 1 1,volta_sgemm_32x128_nn
2.40806s,1.375 μs,2.40806s,49.430 ms,2.45749s,666.082 μs,50.098 ms,235722,235722,0,cudaLaunchKernel,8  256    1,0256 1 1,"void cudnn::winograd_nonfused::winogradForwardOutput4x4<float, float>(cudnn::winograd_nonfused::WinogradOutputParams<T1, T2>)"
2.40807s,1.741 μs,2.40807s,50.092 ms,2.45816s,352.033 μs,50.446 ms,235722,235722,0,cudaLaunchKernel,21632 1 1,0128 1 1,"void at::native::elementwise_kernel<(int)128, (int)2, void at::native::gpu_kernel_impl_nocast<at::native::CUDAFunctor_add<float>>(at::TensorIteratorBase &, const T1 &)::[lambda(int) (instance 1)]>(int, T3)"
2.40807s,1.587 μs,2.40807s,50.439 ms,2.45851s,306.017 μs,50.747 ms,235722,235722,0,cudaLaunchKernel,10816 1 1,0128 1 1,"void at::native::vectorized_elementwise_kernel<(int)4, at::native::<unnamed>::launch_clamp_scalar(at::TensorIteratorBase &, c10::Scalar, c10::Scalar, at::native::detail::ClampLimits)::[lambda() (instance 1)]::operator ()() const::[lambda() (instance 7)]::operator ()() const::[lambda(float) (instance 1)], at::detail::Array<char *, (int)2>>(int, T2, T3)"
2.40808s,1.437 μs,2.40808s,50.734 ms,2.45882s,776.546 μs,51.512 ms,235722,235722,0,cudaLaunchKernel,8  256    1,0256 1 1,"void cudnn::winograd_nonfused::winogradForwardData4x4<float, float>(cudnn::winograd_nonfused::WinogradDataParams<T1, T2>)"
2.40809s,1.182 μs,2.40809s,51.511 ms,2.4596s,91.744 μs,51.604 ms,235722,235722,0,cudaLaunchKernel,8   32    1,32    8    1,"void cudnn::winograd_nonfused::winogradForwardFilter4x4<float, float>(cudnn::winograd_nonfused::WinogradFilterParams<T1, T2>)"
2.40809s,1.377 μs,2.40809s,51.601 ms,2.45969s,8.132 ms,59.734 ms,235722,235722,0,cudaLaunchKernel,64    2   36,0256 1 1,volta_sgemm_32x128_nn
2.40809s,2.424 μs,2.40809s,59.731 ms,2.46782s,667.105 μs,60.400 ms,235722,235722,0,cudaLaunchKernel,8  256    1,0256 1 1,"void cudnn::winograd_nonfused::winogradForwardOutput4x4<float, float>(cudnn::winograd_nonfused::WinogradOutputParams<T1, T2>)"
2.40809s,1.478 μs,2.4081s,60.394 ms,2.46849s,353.152 μs,60.749 ms,235722,235722,0,cudaLaunchKernel,21632 1 1,0128 1 1,"void at::native::elementwise_kernel<(int)128, (int)2, void at::native::gpu_kernel_impl_nocast<at::native::CUDAFunctor_add<float>>(at::TensorIteratorBase &, const T1 &)::[lambda(int) (instance 1)]>(int, T3)"
2.4081s,1.708 μs,2.4081s,60.743 ms,2.46884s,306.401 μs,61.051 ms,235722,235722,0,cudaLaunchKernel,10816 1 1,0128 1 1,"void at::native::vectorized_elementwise_kernel<(int)4, at::native::<unnamed>::launch_clamp_scalar(at::TensorIteratorBase &, c10::Scalar, c10::Scalar, at::native::detail::ClampLimits)::[lambda() (instance 1)]::operator ()() const::[lambda() (instance 7)]::operator ()() const::[lambda(float) (instance 1)], at::detail::Array<char *, (int)2>>(int, T2, T3)"
2.40811s,1.652 μs,2.40811s,61.042 ms,2.46915s,430.593 μs,61.474 ms,235722,235722,0,cudaLaunchKernel,4608 1 1,0256 1 1,"void at::native::<unnamed>::max_pool_forward_nchw<float, float>(int, const T1 *, long, long, long, int, int, int, int, int, int, int, int, int, int, T1 *, long *)"
2.40814s,3.088 μs,2.40814s,61.438 ms,2.46958s,1.519 ms,62.959 ms,235722,235722,0,cudaLaunchKernel,32768 1 1,32    8    1,"void at::native::<unnamed>::adaptive_average_pool<float>(const T1 *, T1 *, int, int, int, int, long, long, long)"
2.40819s,3.281 μs,2.40819s,62.910 ms,2.4711s,76.992 μs,62.990 ms,235722,235722,0,cudaLaunchKernel,56    1    1,0256 1 1,"void at::native::<unnamed>::fused_dropout_kernel_vec<float, float, unsigned int, (int)1, (int)4, bool>(at::cuda::detail::TensorInfo<const T1, T3>, at::cuda::detail::TensorInfo<T1, T3>, at::cuda::detail::TensorInfo<T6, T3>, T3, T2, at::PhiloxCudaState)"
2.40824s,3.562 μs,2.40824s,62.939 ms,2.47118s,5.077 ms,68.019 ms,235722,235722,0,cudaLaunchKernel,32    1    5,0256 1 1,volta_sgemm_128x128_tn
2.40825s,1.712 μs,2.40825s,68.007 ms,2.47626s,27.680 μs,68.036 ms,235722,235722,0,cudaLaunchKernel,1024 1 1,0128 1 1,"void at::native::vectorized_elementwise_kernel<(int)4, at::native::<unnamed>::launch_clamp_scalar(at::TensorIteratorBase &, c10::Scalar, c10::Scalar, at::native::detail::ClampLimits)::[lambda() (instance 1)]::operator ()() const::[lambda() (instance 7)]::operator ()() const::[lambda(float) (instance 1)], at::detail::Array<char *, (int)2>>(int, T2, T3)"
2.40826s,1.819 μs,2.40826s,68.024 ms,2.47629s,35.808 μs,68.061 ms,235722,235722,0,cudaLaunchKernel,56    1    1,0256 1 1,"void at::native::<unnamed>::fused_dropout_kernel_vec<float, float, unsigned int, (int)1, (int)4, bool>(at::cuda::detail::TensorInfo<const T1, T3>, at::cuda::detail::TensorInfo<T1, T3>, at::cuda::detail::TensorInfo<T6, T3>, T3, T2, at::PhiloxCudaState)"
2.40828s,2.514 μs,2.40828s,68.042 ms,2.47632s,3.626 ms,71.671 ms,235722,235722,0,cudaLaunchKernel,64    4    1,0256 1 1,volta_sgemm_64x32_sliced1x4_tn
2.40829s,1.607 μs,2.40829s,71.662 ms,2.47995s,25.984 μs,71.690 ms,235722,235722,0,cudaLaunchKernel,1024 1 1,0128 1 1,"void at::native::vectorized_elementwise_kernel<(int)4, at::native::<unnamed>::launch_clamp_scalar(at::TensorIteratorBase &, c10::Scalar, c10::Scalar, at::native::detail::ClampLimits)::[lambda() (instance 1)]::operator ()() const::[lambda() (instance 7)]::operator ()() const::[lambda(float) (instance 1)], at::detail::Array<char *, (int)2>>(int, T2, T3)"
2.4083s,2.377 μs,2.4083s,71.677 ms,2.47998s,40.416 μs,71.720 ms,235722,235722,0,cudaLaunchKernel,1 1 26,0256 1 1,volta_sgemm_32x128_tn
2.4083s,3.635 μs,2.4083s,71.713 ms,2.48002s,4.768 μs,71.721 ms,235722,235722,0,cudaLaunchKernel,1 8 2001,32   16    1,"void splitKreduce_kernel<(int)32, (int)16, int, float, float, float, float, (bool)1, (bool)1, (bool)0>(cublasSplitKParams<T6>, const T4 *, const T5 *, T5 *, const T6 *, const T6 *, const T7 *, const T4 *, T7 *, void *, long, T6 *, int *)"
2.40833s,3.780 μs,2.40833s,71.689 ms,2.48002s,7.808 μs,71.701 ms,235722,235722,0,cudaLaunchKernel,2 1 2001,8   64    1,"void at::native::reduce_kernel<(int)512, (int)1, at::native::ReduceOp<float, at::native::MaxOps<float>, unsigned int, float, (int)4>>(T3)"
2.48716s,18.825 μs,-,-,2.48717s,2.144 μs,19.846 μs,235722,235722,0,cudaLaunchKernel,12 1 2001,0256 1 1,"void cask__5x_cudnn::computeOffsetsKernel<(bool)0, (bool)0>(cask__5x_cudnn::ComputeOffsetsParams)"
2.48718s,4.154 μs,2.48719s,922 ns,2.48719s,9.657 ms,9.662 ms,235722,235722,0,cudaLaunchKernel,3025 1 1,0128 1 1,_5x_cudnn_volta_scudnn_128x64_relu_xregs_large_nn_v1
2.4872s,5.158 μs,2.48721s,9.636 ms,2.49684s,1.566 ms,11.207 ms,235722,235722,0,cudaLaunchKernel,96800 1 1,0128 1 1,"void at::native::elementwise_kernel<(int)128, (int)2, void at::native::gpu_kernel_impl_nocast<at::native::CUDAFunctor_add<float>>(at::TensorIteratorBase &, const T1 &)::[lambda(int) (instance 1)]>(int, T3)"
2.48723s,3.633 μs,2.48723s,11.178 ms,2.49841s,1.365 ms,12.547 ms,235722,235722,0,cudaLaunchKernel,48400 1 1,0128 1 1,"void at::native::vectorized_elementwise_kernel<(int)4, at::native::<unnamed>::launch_clamp_scalar(at::TensorIteratorBase &, c10::Scalar, c10::Scalar, at::native::detail::ClampLimits)::[lambda() (instance 1)]::operator ()() const::[lambda() (instance 7)]::operator ()() const::[lambda(float) (instance 1)], at::detail::Array<char *, (int)2>>(int, T2, T3)"
2.48726s,3.388 μs,2.48726s,12.517 ms,2.49978s,1.840 ms,14.360 ms,235722,235722,0,cudaLaunchKernel,23328 1 1,0256 1 1,"void at::native::<unnamed>::max_pool_forward_nchw<float, float>(int, const T1 *, long, long, long, int, int, int, int, int, int, int, int, int, int, T1 *, long *)"
2.48728s,3.153 μs,2.48728s,14.334 ms,2.50162s,889.986 μs,15.227 ms,235722,235722,0,cudaLaunchKernel,16   64    1,0936 1 1,"void cudnn::winograd_nonfused::winogradForwardData9x9_5x5<float, float>(cudnn::winograd_nonfused::WinogradDataParams<T1, T2>)"
2.48728s,3.779 μs,2.48729s,15.220 ms,2.50251s,74.080 μs,15.298 ms,235722,235722,0,cudaLaunchKernel,1  192    1,64   13    1,"void cudnn::winograd_nonfused::winogradForwardFilter9x9_5x5<float, float>(cudnn::winograd_nonfused::WinogradFilterParams<T1, T2>)"
2.4873s,2.964 μs,2.4873s,15.280 ms,2.50258s,3.086 ms,18.369 ms,235722,235722,0,cudaLaunchKernel,18    3  169,64    1    1,volta_sgemm_64x64_nn
2.4873s,2.308 μs,2.48731s,18.363 ms,2.50567s,2.102 ms,20.468 ms,235722,235722,0,cudaLaunchKernel,16  192    1,0936 1 1,"void cudnn::winograd_nonfused::winogradForwardOutput9x9_5x5<float, float>(cudnn::winograd_nonfused::WinogradOutputParams<T1, T2>)"
2.48731s,1.642 μs,2.48731s,20.460 ms,2.50777s,1.134 ms,21.596 ms,235722,235722,0,cudaLaunchKernel,69984 1 1,0128 1 1,"void at::native::elementwise_kernel<(int)128, (int)2, void at::native::gpu_kernel_impl_nocast<at::native::CUDAFunctor_add<float>>(at::TensorIteratorBase &, const T1 &)::[lambda(int) (instance 1)]>(int, T3)"
2.48732s,1.648 μs,2.48732s,21.588 ms,2.50891s,987.107 μs,22.577 ms,235722,235722,0,cudaLaunchKernel,34992 1 1,0128 1 1,"void at::native::vectorized_elementwise_kernel<(int)4, at::native::<unnamed>::launch_clamp_scalar(at::TensorIteratorBase &, c10::Scalar, c10::Scalar, at::native::detail::ClampLimits)::[lambda() (instance 1)]::operator ()() const::[lambda() (instance 7)]::operator ()() const::[lambda(float) (instance 1)], at::detail::Array<char *, (int)2>>(int, T2, T3)"
2.48733s,1.656 μs,2.48733s,22.567 ms,2.5099s,1.344 ms,23.913 ms,235722,235722,0,cudaLaunchKernel,16224 1 1,0256 1 1,"void at::native::<unnamed>::max_pool_forward_nchw<float, float>(int, const T1 *, long, long, long, int, int, int, int, int, int, int, int, int, int, T1 *, long *)"
2.48734s,2.234 μs,2.48734s,23.896 ms,2.51124s,587.009 μs,24.486 ms,235722,235722,0,cudaLaunchKernel,8  192    1,0256 1 1,"void cudnn::winograd_nonfused::winogradForwardData4x4<float, float>(cudnn::winograd_nonfused::WinogradDataParams<T1, T2>)"
2.48734s,1.646 μs,2.48735s,24.482 ms,2.51183s,113.313 μs,24.597 ms,235722,235722,0,cudaLaunchKernel,6   48    1,32    8    1,"void cudnn::winograd_nonfused::winogradForwardFilter4x4<float, float>(cudnn::winograd_nonfused::WinogradFilterParams<T1, T2>)"
2.48735s,1.740 μs,2.48735s,24.593 ms,2.51194s,9.360 ms,33.956 ms,235722,235722,0,cudaLaunchKernel,64    3   36,0256 1 1,volta_sgemm_32x128_nn
2.48735s,2.078 μs,2.48735s,33.951 ms,2.5213s,994.307 μs,34.947 ms,235722,235722,0,cudaLaunchKernel,8  384    1,0256 1 1,"void cudnn::winograd_nonfused::winogradForwardOutput4x4<float, float>(cudnn::winograd_nonfused::WinogradOutputParams<T1, T2>)"
2.48736s,1.815 μs,2.48736s,34.940 ms,2.5223s,527.330 μs,35.469 ms,235722,235722,0,cudaLaunchKernel,32448 1 1,0128 1 1,"void at::native::elementwise_kernel<(int)128, (int)2, void at::native::gpu_kernel_impl_nocast<at::native::CUDAFunctor_add<float>>(at::TensorIteratorBase &, const T1 &)::[lambda(int) (instance 1)]>(int, T3)"
2.48736s,1.646 μs,2.48736s,35.462 ms,2.52283s,458.465 μs,35.922 ms,235722,235722,0,cudaLaunchKernel,16224 1 1,0128 1 1,"void at::native::vectorized_elementwise_kernel<(int)4, at::native::<unnamed>::launch_clamp_scalar(at::TensorIteratorBase &, c10::Scalar, c10::Scalar, at::native::detail::ClampLimits)::[lambda() (instance 1)]::operator ()() const::[lambda() (instance 7)]::operator ()() const::[lambda(float) (instance 1)], at::detail::Array<char *, (int)2>>(int, T2, T3)"
2.48738s,1.570 μs,2.48738s,35.909 ms,2.52329s,1.148 ms,37.059 ms,235722,235722,0,cudaLaunchKernel,8  384    1,0256 1 1,"void cudnn::winograd_nonfused::winogradForwardData4x4<float, float>(cudnn::winograd_nonfused::WinogradDataParams<T1, T2>)"
2.48738s,1.394 μs,2.48738s,37.056 ms,2.52443s,152.001 μs,37.210 ms,235722,235722,0,cudaLaunchKernel,12   32    1,32    8    1,"void cudnn::winograd_nonfused::winogradForwardFilter4x4<float, float>(cudnn::winograd_nonfused::WinogradFilterParams<T1, T2>)"
2.48738s,3.101 μs,2.48738s,37.205 ms,2.52459s,9.702 ms,46.910 ms,235722,235722,0,cudaLaunchKernel,64    2   36,0256 1 1,volta_sgemm_32x128_nn
2.48738s,1.243 μs,2.48738s,46.906 ms,2.53429s,671.330 μs,47.578 ms,235722,235722,0,cudaLaunchKernel,8  256    1,0256 1 1,"void cudnn::winograd_nonfused::winogradForwardOutput4x4<float, float>(cudnn::winograd_nonfused::WinogradOutputParams<T1, T2>)"
2.48739s,1.790 μs,2.48739s,47.573 ms,2.53496s,313.569 μs,47.888 ms,235722,235722,0,cudaLaunchKernel,21632 1 1,0128 1 1,"void at::native::elementwise_kernel<(int)128, (int)2, void at::native::gpu_kernel_impl_nocast<at::native::CUDAFunctor_add<float>>(at::TensorIteratorBase &, const T1 &)::[lambda(int) (instance 1)]>(int, T3)"
2.48739s,2.561 μs,2.4874s,47.880 ms,2.53528s,310.849 μs,48.193 ms,235722,235722,0,cudaLaunchKernel,10816 1 1,0128 1 1,"void at::native::vectorized_elementwise_kernel<(int)4, at::native::<unnamed>::launch_clamp_scalar(at::TensorIteratorBase &, c10::Scalar, c10::Scalar, at::native::detail::ClampLimits)::[lambda() (instance 1)]::operator ()() const::[lambda() (instance 7)]::operator ()() const::[lambda(float) (instance 1)], at::detail::Array<char *, (int)2>>(int, T2, T3)"
2.48741s,1.518 μs,2.48741s,48.179 ms,2.53559s,785.346 μs,48.966 ms,235722,235722,0,cudaLaunchKernel,8  256    1,0256 1 1,"void cudnn::winograd_nonfused::winogradForwardData4x4<float, float>(cudnn::winograd_nonfused::WinogradDataParams<T1, T2>)"
2.48741s,1.242 μs,2.48741s,48.964 ms,2.53637s,91.585 μs,49.057 ms,235722,235722,0,cudaLaunchKernel,8   32    1,32    8    1,"void cudnn::winograd_nonfused::winogradForwardFilter4x4<float, float>(cudnn::winograd_nonfused::WinogradFilterParams<T1, T2>)"
2.48741s,1.398 μs,2.48741s,49.054 ms,2.53646s,6.206 ms,55.261 ms,235722,235722,0,cudaLaunchKernel,64    2   36,0256 1 1,volta_sgemm_32x128_nn
2.48741s,1.235 μs,2.48741s,55.258 ms,2.54267s,672.481 μs,55.932 ms,235722,235722,0,cudaLaunchKernel,8  256    1,0256 1 1,"void cudnn::winograd_nonfused::winogradForwardOutput4x4<float, float>(cudnn::winograd_nonfused::WinogradOutputParams<T1, T2>)"
2.48742s,1.523 μs,2.48742s,55.927 ms,2.54334s,313.313 μs,56.242 ms,235722,235722,0,cudaLaunchKernel,21632 1 1,0128 1 1,"void at::native::elementwise_kernel<(int)128, (int)2, void at::native::gpu_kernel_impl_nocast<at::native::CUDAFunctor_add<float>>(at::TensorIteratorBase &, const T1 &)::[lambda(int) (instance 1)]>(int, T3)"
2.48742s,1.670 μs,2.48742s,56.235 ms,2.54366s,310.817 μs,56.548 ms,235722,235722,0,cudaLaunchKernel,10816 1 1,0128 1 1,"void at::native::vectorized_elementwise_kernel<(int)4, at::native::<unnamed>::launch_clamp_scalar(at::TensorIteratorBase &, c10::Scalar, c10::Scalar, at::native::detail::ClampLimits)::[lambda() (instance 1)]::operator ()() const::[lambda() (instance 7)]::operator ()() const::[lambda(float) (instance 1)], at::detail::Array<char *, (int)2>>(int, T2, T3)"
2.48743s,1.844 μs,2.48743s,56.538 ms,2.54397s,381.601 μs,56.921 ms,235722,235722,0,cudaLaunchKernel,4608 1 1,0256 1 1,"void at::native::<unnamed>::max_pool_forward_nchw<float, float>(int, const T1 *, long, long, long, int, int, int, int, int, int, int, int, int, int, T1 *, long *)"
2.48746s,3.143 μs,2.48747s,56.885 ms,2.54435s,1.167 ms,58.055 ms,235722,235722,0,cudaLaunchKernel,32768 1 1,32    8    1,"void at::native::<unnamed>::adaptive_average_pool<float>(const T1 *, T1 *, int, int, int, int, long, long, long)"
2.48751s,3.696 μs,2.48751s,58.008 ms,2.54552s,77.472 μs,58.089 ms,235722,235722,0,cudaLaunchKernel,56    1    1,0256 1 1,"void at::native::<unnamed>::fused_dropout_kernel_vec<float, float, unsigned int, (int)1, (int)4, bool>(at::cuda::detail::TensorInfo<const T1, T3>, at::cuda::detail::TensorInfo<T1, T3>, at::cuda::detail::TensorInfo<T6, T3>, T3, T2, at::PhiloxCudaState)"
2.48756s,3.446 μs,2.48756s,58.040 ms,2.5456s,4.165 ms,62.208 ms,235722,235722,0,cudaLaunchKernel,32    1    5,0256 1 1,volta_sgemm_128x128_tn
2.48757s,1.711 μs,2.48757s,62.196 ms,2.54976s,27.520 μs,62.226 ms,235722,235722,0,cudaLaunchKernel,1024 1 1,0128 1 1,"void at::native::vectorized_elementwise_kernel<(int)4, at::native::<unnamed>::launch_clamp_scalar(at::TensorIteratorBase &, c10::Scalar, c10::Scalar, at::native::detail::ClampLimits)::[lambda() (instance 1)]::operator ()() const::[lambda() (instance 7)]::operator ()() const::[lambda(float) (instance 1)], at::detail::Array<char *, (int)2>>(int, T2, T3)"
2.48758s,1.669 μs,2.48758s,62.211 ms,2.54979s,35.616 μs,62.249 ms,235722,235722,0,cudaLaunchKernel,56    1    1,0256 1 1,"void at::native::<unnamed>::fused_dropout_kernel_vec<float, float, unsigned int, (int)1, (int)4, bool>(at::cuda::detail::TensorInfo<const T1, T3>, at::cuda::detail::TensorInfo<T1, T3>, at::cuda::detail::TensorInfo<T6, T3>, T3, T2, at::PhiloxCudaState)"
2.4876s,2.579 μs,2.4876s,62.230 ms,2.54983s,2.759 ms,64.992 ms,235722,235722,0,cudaLaunchKernel,64    4    1,0256 1 1,volta_sgemm_64x32_sliced1x4_tn
2.4876s,1.697 μs,2.4876s,64.984 ms,2.55259s,26.112 μs,65.012 ms,235722,235722,0,cudaLaunchKernel,1024 1 1,0128 1 1,"void at::native::vectorized_elementwise_kernel<(int)4, at::native::<unnamed>::launch_clamp_scalar(at::TensorIteratorBase &, c10::Scalar, c10::Scalar, at::native::detail::ClampLimits)::[lambda() (instance 1)]::operator ()() const::[lambda() (instance 7)]::operator ()() const::[lambda(float) (instance 1)], at::detail::Array<char *, (int)2>>(int, T2, T3)"
2.48761s,2.466 μs,2.48762s,64.999 ms,2.55261s,33.120 μs,65.035 ms,235722,235722,0,cudaLaunchKernel,1 1 26,0256 1 1,volta_sgemm_32x128_tn
2.48762s,3.261 μs,2.48762s,65.029 ms,2.55265s,4.128 μs,65.036 ms,235722,235722,0,cudaLaunchKernel,1 8 2001,32   16    1,"void splitKreduce_kernel<(int)32, (int)16, int, float, float, float, float, (bool)1, (bool)1, (bool)0>(cublasSplitKParams<T6>, const T4 *, const T5 *, T5 *, const T6 *, const T6 *, const T7 *, const T4 *, T7 *, void *, long, T6 *, int *)"
2.48765s,3.744 μs,2.48765s,65.001 ms,2.55265s,6.400 μs,65.011 ms,235722,235722,0,cudaLaunchKernel,2 1 2001,8   64    1,"void at::native::reduce_kernel<(int)512, (int)1, at::native::ReduceOp<float, at::native::MaxOps<float>, unsigned int, float, (int)4>>(T3)"
2.55971s,16.674 μs,-,-,2.55972s,1.760 μs,17.654 μs,235722,235722,0,cudaLaunchKernel,12 1 2001,0256 1 1,"void cask__5x_cudnn::computeOffsetsKernel<(bool)0, (bool)0>(cask__5x_cudnn::ComputeOffsetsParams)"
2.55973s,4.747 μs,2.55973s,531 ns,2.55973s,7.427 ms,7.433 ms,235722,235722,0,cudaLaunchKernel,3025 1 1,0128 1 1,_5x_cudnn_volta_scudnn_128x64_relu_xregs_large_nn_v1
2.55975s,4.753 μs,2.55976s,7.406 ms,2.56716s,1.395 ms,8.806 ms,235722,235722,0,cudaLaunchKernel,96800 1 1,0128 1 1,"void at::native::elementwise_kernel<(int)128, (int)2, void at::native::gpu_kernel_impl_nocast<at::native::CUDAFunctor_add<float>>(at::TensorIteratorBase &, const T1 &)::[lambda(int) (instance 1)]>(int, T3)"
2.55978s,3.776 μs,2.55978s,8.777 ms,2.56856s,1.388 ms,10.169 ms,235722,235722,0,cudaLaunchKernel,48400 1 1,0128 1 1,"void at::native::vectorized_elementwise_kernel<(int)4, at::native::<unnamed>::launch_clamp_scalar(at::TensorIteratorBase &, c10::Scalar, c10::Scalar, at::native::detail::ClampLimits)::[lambda() (instance 1)]::operator ()() const::[lambda() (instance 7)]::operator ()() const::[lambda(float) (instance 1)], at::detail::Array<char *, (int)2>>(int, T2, T3)"
2.55981s,3.573 μs,2.55981s,10.135 ms,2.56995s,1.489 ms,11.627 ms,235722,235722,0,cudaLaunchKernel,23328 1 1,0256 1 1,"void at::native::<unnamed>::max_pool_forward_nchw<float, float>(int, const T1 *, long, long, long, int, int, int, int, int, int, int, int, int, int, T1 *, long *)"
2.55983s,3.427 μs,2.55984s,11.600 ms,2.57144s,772.802 μs,12.376 ms,235722,235722,0,cudaLaunchKernel,16   64    1,0936 1 1,"void cudnn::winograd_nonfused::winogradForwardData9x9_5x5<float, float>(cudnn::winograd_nonfused::WinogradDataParams<T1, T2>)"
2.55984s,2.351 μs,2.55984s,12.370 ms,2.57221s,73.632 μs,12.446 ms,235722,235722,0,cudaLaunchKernel,1  192    1,64   13    1,"void cudnn::winograd_nonfused::winogradForwardFilter9x9_5x5<float, float>(cudnn::winograd_nonfused::WinogradFilterParams<T1, T2>)"
2.55985s,3.034 μs,2.55985s,12.430 ms,2.57228s,2.376 ms,14.809 ms,235722,235722,0,cudaLaunchKernel,18    3  169,64    1    1,volta_sgemm_64x64_nn
2.55986s,1.673 μs,2.55986s,14.804 ms,2.57466s,1.989 ms,16.794 ms,235722,235722,0,cudaLaunchKernel,16  192    1,0936 1 1,"void cudnn::winograd_nonfused::winogradForwardOutput9x9_5x5<float, float>(cudnn::winograd_nonfused::WinogradOutputParams<T1, T2>)"
2.55986s,1.731 μs,2.55986s,16.787 ms,2.57665s,1.009 ms,17.799 ms,235722,235722,0,cudaLaunchKernel,69984 1 1,0128 1 1,"void at::native::elementwise_kernel<(int)128, (int)2, void at::native::gpu_kernel_impl_nocast<at::native::CUDAFunctor_add<float>>(at::TensorIteratorBase &, const T1 &)::[lambda(int) (instance 1)]>(int, T3)"
2.55987s,1.555 μs,2.55987s,17.790 ms,2.57766s,1.004 ms,18.796 ms,235722,235722,0,cudaLaunchKernel,34992 1 1,0128 1 1,"void at::native::vectorized_elementwise_kernel<(int)4, at::native::<unnamed>::launch_clamp_scalar(at::TensorIteratorBase &, c10::Scalar, c10::Scalar, at::native::detail::ClampLimits)::[lambda() (instance 1)]::operator ()() const::[lambda() (instance 7)]::operator ()() const::[lambda(float) (instance 1)], at::detail::Array<char *, (int)2>>(int, T2, T3)"
2.55988s,2.779 μs,2.55988s,18.785 ms,2.57866s,1.126 ms,19.914 ms,235722,235722,0,cudaLaunchKernel,16224 1 1,0256 1 1,"void at::native::<unnamed>::max_pool_forward_nchw<float, float>(int, const T1 *, long, long, long, int, int, int, int, int, int, int, int, int, int, T1 *, long *)"
2.55989s,2.170 μs,2.55989s,19.896 ms,2.57979s,594.274 μs,20.493 ms,235722,235722,0,cudaLaunchKernel,8  192    1,0256 1 1,"void cudnn::winograd_nonfused::winogradForwardData4x4<float, float>(cudnn::winograd_nonfused::WinogradDataParams<T1, T2>)"
2.5599s,1.874 μs,2.5599s,20.489 ms,2.58039s,109.792 μs,20.600 ms,235722,235722,0,cudaLaunchKernel,6   48    1,32    8    1,"void cudnn::winograd_nonfused::winogradForwardFilter4x4<float, float>(cudnn::winograd_nonfused::WinogradFilterParams<T1, T2>)"
2.5599s,1.687 μs,2.5599s,20.596 ms,2.5805s,6.870 ms,27.467 ms,235722,235722,0,cudaLaunchKernel,64    3   36,0256 1 1,volta_sgemm_32x128_nn
2.5599s,1.559 μs,2.5599s,27.464 ms,2.58737s,1.007 ms,28.472 ms,235722,235722,0,cudaLaunchKernel,8  384    1,0256 1 1,"void cudnn::winograd_nonfused::winogradForwardOutput4x4<float, float>(cudnn::winograd_nonfused::WinogradOutputParams<T1, T2>)"
2.55991s,1.820 μs,2.55991s,28.466 ms,2.58837s,470.369 μs,28.938 ms,235722,235722,0,cudaLaunchKernel,32448 1 1,0128 1 1,"void at::native::elementwise_kernel<(int)128, (int)2, void at::native::gpu_kernel_impl_nocast<at::native::CUDAFunctor_add<float>>(at::TensorIteratorBase &, const T1 &)::[lambda(int) (instance 1)]>(int, T3)"
2.55991s,1.572 μs,2.55991s,28.931 ms,2.58884s,467.681 μs,29.400 ms,235722,235722,0,cudaLaunchKernel,16224 1 1,0128 1 1,"void at::native::vectorized_elementwise_kernel<(int)4, at::native::<unnamed>::launch_clamp_scalar(at::TensorIteratorBase &, c10::Scalar, c10::Scalar, at::native::detail::ClampLimits)::[lambda() (instance 1)]::operator ()() const::[lambda() (instance 7)]::operator ()() const::[lambda(float) (instance 1)], at::detail::Array<char *, (int)2>>(int, T2, T3)"
2.55992s,1.457 μs,2.55993s,29.386 ms,2.58931s,1.169 ms,30.557 ms,235722,235722,0,cudaLaunchKernel,8  384    1,0256 1 1,"void cudnn::winograd_nonfused::winogradForwardData4x4<float, float>(cudnn::winograd_nonfused::WinogradDataParams<T1, T2>)"
2.55993s,2.208 μs,2.55993s,30.553 ms,2.59048s,148.320 μs,30.704 ms,235722,235722,0,cudaLaunchKernel,12   32    1,32    8    1,"void cudnn::winograd_nonfused::winogradForwardFilter4x4<float, float>(cudnn::winograd_nonfused::WinogradFilterParams<T1, T2>)"
2.55993s,1.419 μs,2.55993s,30.700 ms,2.59063s,8.789 ms,39.491 ms,235722,235722,0,cudaLaunchKernel,64    2   36,0256 1 1,volta_sgemm_32x128_nn
2.55993s,1.194 μs,2.55993s,39.488 ms,2.59942s,671.202 μs,40.161 ms,235722,235722,0,cudaLaunchKernel,8  256    1,0256 1 1,"void cudnn::winograd_nonfused::winogradForwardOutput4x4<float, float>(cudnn::winograd_nonfused::WinogradOutputParams<T1, T2>)"
2.55994s,1.503 μs,2.55994s,40.155 ms,2.60009s,314.561 μs,40.471 ms,235722,235722,0,cudaLaunchKernel,21632 1 1,0128 1 1,"void at::native::elementwise_kernel<(int)128, (int)2, void at::native::gpu_kernel_impl_nocast<at::native::CUDAFunctor_add<float>>(at::TensorIteratorBase &, const T1 &)::[lambda(int) (instance 1)]>(int, T3)"
2.55994s,1.627 μs,2.55994s,40.465 ms,2.60041s,311.457 μs,40.778 ms,235722,235722,0,cudaLaunchKernel,10816 1 1,0128 1 1,"void at::native::vectorized_elementwise_kernel<(int)4, at::native::<unnamed>::launch_clamp_scalar(at::TensorIteratorBase &, c10::Scalar, c10::Scalar, at::native::detail::ClampLimits)::[lambda() (instance 1)]::operator ()() const::[lambda() (instance 7)]::operator ()() const::[lambda(float) (instance 1)], at::detail::Array<char *, (int)2>>(int, T2, T3)"
2.55995s,1.409 μs,2.55995s,40.765 ms,2.60072s,790.754 μs,41.558 ms,235722,235722,0,cudaLaunchKernel,8  256    1,0256 1 1,"void cudnn::winograd_nonfused::winogradForwardData4x4<float, float>(cudnn::winograd_nonfused::WinogradDataParams<T1, T2>)"
2.55995s,1.178 μs,2.55996s,41.556 ms,2.60151s,91.904 μs,41.649 ms,235722,235722,0,cudaLaunchKernel,8   32    1,32    8    1,"void cudnn::winograd_nonfused::winogradForwardFilter4x4<float, float>(cudnn::winograd_nonfused::WinogradFilterParams<T1, T2>)"
2.55996s,1.236 μs,2.55996s,41.647 ms,2.6016s,6.038 ms,47.686 ms,235722,235722,0,cudaLaunchKernel,64    2   36,0256 1 1,volta_sgemm_32x128_nn
2.55996s,1.363 μs,2.55996s,47.683 ms,2.60764s,673.410 μs,48.358 ms,235722,235722,0,cudaLaunchKernel,8  256    1,0256 1 1,"void cudnn::winograd_nonfused::winogradForwardOutput4x4<float, float>(cudnn::winograd_nonfused::WinogradOutputParams<T1, T2>)"
2.55996s,2.545 μs,2.55996s,48.352 ms,2.60832s,313.857 μs,48.668 ms,235722,235722,0,cudaLaunchKernel,21632 1 1,0128 1 1,"void at::native::elementwise_kernel<(int)128, (int)2, void at::native::gpu_kernel_impl_nocast<at::native::CUDAFunctor_add<float>>(at::TensorIteratorBase &, const T1 &)::[lambda(int) (instance 1)]>(int, T3)"
2.55997s,1.476 μs,2.55997s,48.661 ms,2.60863s,311.457 μs,48.974 ms,235722,235722,0,cudaLaunchKernel,10816 1 1,0128 1 1,"void at::native::vectorized_elementwise_kernel<(int)4, at::native::<unnamed>::launch_clamp_scalar(at::TensorIteratorBase &, c10::Scalar, c10::Scalar, at::native::detail::ClampLimits)::[lambda() (instance 1)]::operator ()() const::[lambda() (instance 7)]::operator ()() const::[lambda(float) (instance 1)], at::detail::Array<char *, (int)2>>(int, T2, T3)"
2.55998s,1.545 μs,2.55998s,48.965 ms,2.60894s,376.705 μs,49.343 ms,235722,235722,0,cudaLaunchKernel,4608 1 1,0256 1 1,"void at::native::<unnamed>::max_pool_forward_nchw<float, float>(int, const T1 *, long, long, long, int, int, int, int, int, int, int, int, int, int, T1 *, long *)"
2.56001s,2.963 μs,2.56001s,49.310 ms,2.60932s,1.137 ms,50.450 ms,235722,235722,0,cudaLaunchKernel,32768 1 1,32    8    1,"void at::native::<unnamed>::adaptive_average_pool<float>(const T1 *, T1 *, int, int, int, int, long, long, long)"
2.56005s,2.909 μs,2.56005s,50.407 ms,2.61046s,77.856 μs,50.488 ms,235722,235722,0,cudaLaunchKernel,56    1    1,0256 1 1,"void at::native::<unnamed>::fused_dropout_kernel_vec<float, float, unsigned int, (int)1, (int)4, bool>(at::cuda::detail::TensorInfo<const T1, T3>, at::cuda::detail::TensorInfo<T1, T3>, at::cuda::detail::TensorInfo<T6, T3>, T3, T2, at::PhiloxCudaState)"
2.5601s,2.894 μs,2.5601s,50.438 ms,2.61054s,4.085 ms,54.527 ms,235722,235722,0,cudaLaunchKernel,32    1    5,0256 1 1,volta_sgemm_128x128_tn
2.56011s,1.903 μs,2.56011s,54.516 ms,2.61462s,27.745 μs,54.545 ms,235722,235722,0,cudaLaunchKernel,1024 1 1,0128 1 1,"void at::native::vectorized_elementwise_kernel<(int)4, at::native::<unnamed>::launch_clamp_scalar(at::TensorIteratorBase &, c10::Scalar, c10::Scalar, at::native::detail::ClampLimits)::[lambda() (instance 1)]::operator ()() const::[lambda() (instance 7)]::operator ()() const::[lambda(float) (instance 1)], at::detail::Array<char *, (int)2>>(int, T2, T3)"
2.56012s,1.623 μs,2.56012s,54.532 ms,2.61465s,35.329 μs,54.569 ms,235722,235722,0,cudaLaunchKernel,56    1    1,0256 1 1,"void at::native::<unnamed>::fused_dropout_kernel_vec<float, float, unsigned int, (int)1, (int)4, bool>(at::cuda::detail::TensorInfo<const T1, T3>, at::cuda::detail::TensorInfo<T1, T3>, at::cuda::detail::TensorInfo<T6, T3>, T3, T2, at::PhiloxCudaState)"
2.56013s,2.386 μs,2.56014s,54.551 ms,2.61469s,2.684 ms,57.238 ms,235722,235722,0,cudaLaunchKernel,64    4    1,0256 1 1,volta_sgemm_64x32_sliced1x4_tn
2.56014s,1.682 μs,2.56014s,57.230 ms,2.61737s,26.240 μs,57.258 ms,235722,235722,0,cudaLaunchKernel,1024 1 1,0128 1 1,"void at::native::vectorized_elementwise_kernel<(int)4, at::native::<unnamed>::launch_clamp_scalar(at::TensorIteratorBase &, c10::Scalar, c10::Scalar, at::native::detail::ClampLimits)::[lambda() (instance 1)]::operator ()() const::[lambda() (instance 7)]::operator ()() const::[lambda(float) (instance 1)], at::detail::Array<char *, (int)2>>(int, T2, T3)"
2.56015s,2.469 μs,2.56015s,57.244 ms,2.6174s,32.864 μs,57.279 ms,235722,235722,0,cudaLaunchKernel,1 1 26,0256 1 1,volta_sgemm_32x128_tn
2.56016s,2.941 μs,2.56016s,57.273 ms,2.61743s,4.032 μs,57.280 ms,235722,235722,0,cudaLaunchKernel,1 8 2001,32   16    1,"void splitKreduce_kernel<(int)32, (int)16, int, float, float, float, float, (bool)1, (bool)1, (bool)0>(cublasSplitKParams<T6>, const T4 *, const T5 *, T5 *, const T6 *, const T6 *, const T7 *, const T4 *, T7 *, void *, long, T6 *, int *)"
2.56019s,3.961 μs,2.56019s,57.246 ms,2.61744s,6.304 μs,57.257 ms,235722,235722,0,cudaLaunchKernel,2 1 2001,8   64    1,"void at::native::reduce_kernel<(int)512, (int)1, at::native::ReduceOp<float, at::native::MaxOps<float>, unsigned int, float, (int)4>>(T3)"
2.62489s,34.888 μs,-,-,2.62492s,1.728 μs,34.888 μs,235722,235722,0,cudaLaunchKernel,12 1 2001,0256 1 1,"void cask__5x_cudnn::computeOffsetsKernel<(bool)0, (bool)0>(cask__5x_cudnn::ComputeOffsetsParams)"
2.62493s,5.056 μs,2.62494s,673 ns,2.62494s,7.493 ms,7.499 ms,235722,235722,0,cudaLaunchKernel,3025 1 1,0128 1 1,_5x_cudnn_volta_scudnn_128x64_relu_xregs_large_nn_v1
2.62495s,5.385 μs,2.62496s,7.470 ms,2.63243s,1.394 ms,8.869 ms,235722,235722,0,cudaLaunchKernel,96800 1 1,0128 1 1,"void at::native::elementwise_kernel<(int)128, (int)2, void at::native::gpu_kernel_impl_nocast<at::native::CUDAFunctor_add<float>>(at::TensorIteratorBase &, const T1 &)::[lambda(int) (instance 1)]>(int, T3)"
2.62499s,3.851 μs,2.62499s,8.835 ms,2.63382s,1.388 ms,10.226 ms,235722,235722,0,cudaLaunchKernel,48400 1 1,0128 1 1,"void at::native::vectorized_elementwise_kernel<(int)4, at::native::<unnamed>::launch_clamp_scalar(at::TensorIteratorBase &, c10::Scalar, c10::Scalar, at::native::detail::ClampLimits)::[lambda() (instance 1)]::operator ()() const::[lambda() (instance 7)]::operator ()() const::[lambda(float) (instance 1)], at::detail::Array<char *, (int)2>>(int, T2, T3)"
2.62501s,3.344 μs,2.62502s,10.194 ms,2.63521s,1.502 ms,11.700 ms,235722,235722,0,cudaLaunchKernel,23328 1 1,0256 1 1,"void at::native::<unnamed>::max_pool_forward_nchw<float, float>(int, const T1 *, long, long, long, int, int, int, int, int, int, int, int, int, int, T1 *, long *)"
2.62504s,3.488 μs,2.62505s,11.668 ms,2.63671s,760.611 μs,12.432 ms,235722,235722,0,cudaLaunchKernel,16   64    1,0936 1 1,"void cudnn::winograd_nonfused::winogradForwardData9x9_5x5<float, float>(cudnn::winograd_nonfused::WinogradDataParams<T1, T2>)"
2.62505s,2.302 μs,2.62505s,12.426 ms,2.63748s,75.905 μs,12.505 ms,235722,235722,0,cudaLaunchKernel,1  192    1,64   13    1,"void cudnn::winograd_nonfused::winogradForwardFilter9x9_5x5<float, float>(cudnn::winograd_nonfused::WinogradFilterParams<T1, T2>)"
2.62506s,3.184 μs,2.62507s,12.487 ms,2.63755s,2.353 ms,14.843 ms,235722,235722,0,cudaLaunchKernel,18    3  169,64    1    1,volta_sgemm_64x64_nn
2.62507s,5.008 μs,2.62507s,14.834 ms,2.63991s,2.015 ms,16.853 ms,235722,235722,0,cudaLaunchKernel,16  192    1,0936 1 1,"void cudnn::winograd_nonfused::winogradForwardOutput9x9_5x5<float, float>(cudnn::winograd_nonfused::WinogradOutputParams<T1, T2>)"
2.62508s,1.628 μs,2.62508s,16.843 ms,2.64192s,1.011 ms,17.855 ms,235722,235722,0,cudaLaunchKernel,69984 1 1,0128 1 1,"void at::native::elementwise_kernel<(int)128, (int)2, void at::native::gpu_kernel_impl_nocast<at::native::CUDAFunctor_add<float>>(at::TensorIteratorBase &, const T1 &)::[lambda(int) (instance 1)]>(int, T3)"
2.62508s,1.832 μs,2.62508s,17.847 ms,2.64293s,1.007 ms,18.856 ms,235722,235722,0,cudaLaunchKernel,34992 1 1,0128 1 1,"void at::native::vectorized_elementwise_kernel<(int)4, at::native::<unnamed>::launch_clamp_scalar(at::TensorIteratorBase &, c10::Scalar, c10::Scalar, at::native::detail::ClampLimits)::[lambda() (instance 1)]::operator ()() const::[lambda() (instance 7)]::operator ()() const::[lambda(float) (instance 1)], at::detail::Array<char *, (int)2>>(int, T2, T3)"
2.62509s,1.675 μs,2.62509s,18.845 ms,2.64394s,1.122 ms,19.969 ms,235722,235722,0,cudaLaunchKernel,16224 1 1,0256 1 1,"void at::native::<unnamed>::max_pool_forward_nchw<float, float>(int, const T1 *, long, long, long, int, int, int, int, int, int, int, int, int, int, T1 *, long *)"
2.62511s,2.039 μs,2.62511s,19.953 ms,2.64506s,592.449 μs,20.547 ms,235722,235722,0,cudaLaunchKernel,8  192    1,0256 1 1,"void cudnn::winograd_nonfused::winogradForwardData4x4<float, float>(cudnn::winograd_nonfused::WinogradDataParams<T1, T2>)"
2.62511s,1.600 μs,2.62511s,20.544 ms,2.64565s,110.880 μs,20.656 ms,235722,235722,0,cudaLaunchKernel,6   48    1,32    8    1,"void cudnn::winograd_nonfused::winogradForwardFilter4x4<float, float>(cudnn::winograd_nonfused::WinogradFilterParams<T1, T2>)"
2.62511s,1.954 μs,2.62511s,20.652 ms,2.64577s,6.978 ms,27.632 ms,235722,235722,0,cudaLaunchKernel,64    3   36,0256 1 1,volta_sgemm_32x128_nn
2.62511s,1.727 μs,2.62512s,27.629 ms,2.65274s,1.006 ms,28.636 ms,235722,235722,0,cudaLaunchKernel,8  384    1,0256 1 1,"void cudnn::winograd_nonfused::winogradForwardOutput4x4<float, float>(cudnn::winograd_nonfused::WinogradOutputParams<T1, T2>)"
2.62512s,2.783 μs,2.62512s,28.629 ms,2.65375s,470.017 μs,29.102 ms,235722,235722,0,cudaLaunchKernel,32448 1 1,0128 1 1,"void at::native::elementwise_kernel<(int)128, (int)2, void at::native::gpu_kernel_impl_nocast<at::native::CUDAFunctor_add<float>>(at::TensorIteratorBase &, const T1 &)::[lambda(int) (instance 1)]>(int, T3)"
2.62513s,1.869 μs,2.62513s,29.093 ms,2.65422s,467.137 μs,29.562 ms,235722,235722,0,cudaLaunchKernel,16224 1 1,0128 1 1,"void at::native::vectorized_elementwise_kernel<(int)4, at::native::<unnamed>::launch_clamp_scalar(at::TensorIteratorBase &, c10::Scalar, c10::Scalar, at::native::detail::ClampLimits)::[lambda() (instance 1)]::operator ()() const::[lambda() (instance 7)]::operator ()() const::[lambda(float) (instance 1)], at::detail::Array<char *, (int)2>>(int, T2, T3)"
2.62514s,1.506 μs,2.62514s,29.547 ms,2.65469s,1.164 ms,30.713 ms,235722,235722,0,cudaLaunchKernel,8  384    1,0256 1 1,"void cudnn::winograd_nonfused::winogradForwardData4x4<float, float>(cudnn::winograd_nonfused::WinogradDataParams<T1, T2>)"
2.62514s,1.138 μs,2.62514s,30.711 ms,2.65585s,147.681 μs,30.860 ms,235722,235722,0,cudaLaunchKernel,12   32    1,32    8    1,"void cudnn::winograd_nonfused::winogradForwardFilter4x4<float, float>(cudnn::winograd_nonfused::WinogradFilterParams<T1, T2>)"
2.62514s,1.184 μs,2.62515s,30.857 ms,2.656s,8.912 ms,39.770 ms,235722,235722,0,cudaLaunchKernel,64    2   36,0256 1 1,volta_sgemm_32x128_nn
2.62515s,1.374 μs,2.62515s,39.768 ms,2.66492s,672.482 μs,40.442 ms,235722,235722,0,cudaLaunchKernel,8  256    1,0256 1 1,"void cudnn::winograd_nonfused::winogradForwardOutput4x4<float, float>(cudnn::winograd_nonfused::WinogradOutputParams<T1, T2>)"
2.62515s,1.588 μs,2.62515s,40.436 ms,2.66559s,313.921 μs,40.752 ms,235722,235722,0,cudaLaunchKernel,21632 1 1,0128 1 1,"void at::native::elementwise_kernel<(int)128, (int)2, void at::native::gpu_kernel_impl_nocast<at::native::CUDAFunctor_add<float>>(at::TensorIteratorBase &, const T1 &)::[lambda(int) (instance 1)]>(int, T3)"
2.62516s,1.536 μs,2.62516s,40.745 ms,2.6659s,311.585 μs,41.058 ms,235722,235722,0,cudaLaunchKernel,10816 1 1,0128 1 1,"void at::native::vectorized_elementwise_kernel<(int)4, at::native::<unnamed>::launch_clamp_scalar(at::TensorIteratorBase &, c10::Scalar, c10::Scalar, at::native::detail::ClampLimits)::[lambda() (instance 1)]::operator ()() const::[lambda() (instance 7)]::operator ()() const::[lambda(float) (instance 1)], at::detail::Array<char *, (int)2>>(int, T2, T3)"
2.62517s,1.656 μs,2.62517s,41.045 ms,2.66621s,788.578 μs,41.835 ms,235722,235722,0,cudaLaunchKernel,8  256    1,0256 1 1,"void cudnn::winograd_nonfused::winogradForwardData4x4<float, float>(cudnn::winograd_nonfused::WinogradDataParams<T1, T2>)"
2.62517s,1.218 μs,2.62517s,41.833 ms,2.667s,91.072 μs,41.925 ms,235722,235722,0,cudaLaunchKernel,8   32    1,32    8    1,"void cudnn::winograd_nonfused::winogradForwardFilter4x4<float, float>(cudnn::winograd_nonfused::WinogradFilterParams<T1, T2>)"
2.62517s,1.184 μs,2.62517s,41.923 ms,2.6671s,6.039 ms,47.963 ms,235722,235722,0,cudaLaunchKernel,64    2   36,0256 1 1,volta_sgemm_32x128_nn
2.62517s,1.133 μs,2.62518s,47.961 ms,2.67314s,672.738 μs,48.634 ms,235722,235722,0,cudaLaunchKernel,8  256    1,0256 1 1,"void cudnn::winograd_nonfused::winogradForwardOutput4x4<float, float>(cudnn::winograd_nonfused::WinogradOutputParams<T1, T2>)"
2.62518s,1.689 μs,2.62518s,48.629 ms,2.67381s,314.049 μs,48.945 ms,235722,235722,0,cudaLaunchKernel,21632 1 1,0128 1 1,"void at::native::elementwise_kernel<(int)128, (int)2, void at::native::gpu_kernel_impl_nocast<at::native::CUDAFunctor_add<float>>(at::TensorIteratorBase &, const T1 &)::[lambda(int) (instance 1)]>(int, T3)"
2.62518s,1.440 μs,2.62519s,48.938 ms,2.67412s,311.681 μs,49.251 ms,235722,235722,0,cudaLaunchKernel,10816 1 1,0128 1 1,"void at::native::vectorized_elementwise_kernel<(int)4, at::native::<unnamed>::launch_clamp_scalar(at::TensorIteratorBase &, c10::Scalar, c10::Scalar, at::native::detail::ClampLimits)::[lambda() (instance 1)]::operator ()() const::[lambda() (instance 7)]::operator ()() const::[lambda(float) (instance 1)], at::detail::Array<char *, (int)2>>(int, T2, T3)"
2.62519s,1.618 μs,2.62519s,49.242 ms,2.67444s,378.817 μs,49.622 ms,235722,235722,0,cudaLaunchKernel,4608 1 1,0256 1 1,"void at::native::<unnamed>::max_pool_forward_nchw<float, float>(int, const T1 *, long, long, long, int, int, int, int, int, int, int, int, int, int, T1 *, long *)"
2.62522s,2.904 μs,2.62523s,49.589 ms,2.67481s,1.137 ms,50.729 ms,235722,235722,0,cudaLaunchKernel,32768 1 1,32    8    1,"void at::native::<unnamed>::adaptive_average_pool<float>(const T1 *, T1 *, int, int, int, int, long, long, long)"
2.62527s,3.496 μs,2.62527s,50.681 ms,2.67595s,77.408 μs,50.762 ms,235722,235722,0,cudaLaunchKernel,56    1    1,0256 1 1,"void at::native::<unnamed>::fused_dropout_kernel_vec<float, float, unsigned int, (int)1, (int)4, bool>(at::cuda::detail::TensorInfo<const T1, T3>, at::cuda::detail::TensorInfo<T1, T3>, at::cuda::detail::TensorInfo<T6, T3>, T3, T2, at::PhiloxCudaState)"
2.62532s,3.014 μs,2.62532s,50.710 ms,2.67603s,4.152 ms,54.865 ms,235722,235722,0,cudaLaunchKernel,32    1    5,0256 1 1,volta_sgemm_128x128_tn
2.62533s,1.781 μs,2.62533s,54.855 ms,2.68018s,27.424 μs,54.884 ms,235722,235722,0,cudaLaunchKernel,1024 1 1,0128 1 1,"void at::native::vectorized_elementwise_kernel<(int)4, at::native::<unnamed>::launch_clamp_scalar(at::TensorIteratorBase &, c10::Scalar, c10::Scalar, at::native::detail::ClampLimits)::[lambda() (instance 1)]::operator ()() const::[lambda() (instance 7)]::operator ()() const::[lambda(float) (instance 1)], at::detail::Array<char *, (int)2>>(int, T2, T3)"
2.62534s,1.832 μs,2.62534s,54.869 ms,2.68021s,36.704 μs,54.908 ms,235722,235722,0,cudaLaunchKernel,56    1    1,0256 1 1,"void at::native::<unnamed>::fused_dropout_kernel_vec<float, float, unsigned int, (int)1, (int)4, bool>(at::cuda::detail::TensorInfo<const T1, T3>, at::cuda::detail::TensorInfo<T1, T3>, at::cuda::detail::TensorInfo<T6, T3>, T3, T2, at::PhiloxCudaState)"
2.62536s,2.221 μs,2.62536s,54.890 ms,2.68025s,2.780 ms,57.672 ms,235722,235722,0,cudaLaunchKernel,64    4    1,0256 1 1,volta_sgemm_64x32_sliced1x4_tn
2.62536s,1.598 μs,2.62537s,57.665 ms,2.68303s,26.400 μs,57.693 ms,235722,235722,0,cudaLaunchKernel,1024 1 1,0128 1 1,"void at::native::vectorized_elementwise_kernel<(int)4, at::native::<unnamed>::launch_clamp_scalar(at::TensorIteratorBase &, c10::Scalar, c10::Scalar, at::native::detail::ClampLimits)::[lambda() (instance 1)]::operator ()() const::[lambda() (instance 7)]::operator ()() const::[lambda(float) (instance 1)], at::detail::Array<char *, (int)2>>(int, T2, T3)"
2.62537s,2.388 μs,2.62538s,57.680 ms,2.68306s,33.377 μs,57.716 ms,235722,235722,0,cudaLaunchKernel,1 1 26,0256 1 1,volta_sgemm_32x128_tn
2.62538s,3.138 μs,2.62538s,57.710 ms,2.68309s,4.192 μs,57.717 ms,235722,235722,0,cudaLaunchKernel,1 8 2001,32   16    1,"void splitKreduce_kernel<(int)32, (int)16, int, float, float, float, float, (bool)1, (bool)1, (bool)0>(cublasSplitKParams<T6>, const T4 *, const T5 *, T5 *, const T6 *, const T6 *, const T7 *, const T4 *, T7 *, void *, long, T6 *, int *)"
2.6254s,3.850 μs,2.62541s,57.687 ms,2.6831s,6.496 μs,57.698 ms,235722,235722,0,cudaLaunchKernel,2 1 2001,8   64    1,"void at::native::reduce_kernel<(int)512, (int)1, at::native::ReduceOp<float, at::native::MaxOps<float>, unsigned int, float, (int)4>>(T3)"
2.68992s,16.872 μs,-,-,2.68993s,1.791 μs,17.896 μs,235722,235722,0,cudaLaunchKernel,12 1 2001,0256 1 1,"void cask__5x_cudnn::computeOffsetsKernel<(bool)0, (bool)0>(cask__5x_cudnn::ComputeOffsetsParams)"
2.68994s,4.188 μs,2.68994s,877 ns,2.68994s,7.499 ms,7.504 ms,235722,235722,0,cudaLaunchKernel,3025 1 1,0128 1 1,_5x_cudnn_volta_scudnn_128x64_relu_xregs_large_nn_v1
2.68996s,4.973 μs,2.68997s,7.475 ms,2.69744s,1.394 ms,8.873 ms,235722,235722,0,cudaLaunchKernel,96800 1 1,0128 1 1,"void at::native::elementwise_kernel<(int)128, (int)2, void at::native::gpu_kernel_impl_nocast<at::native::CUDAFunctor_add<float>>(at::TensorIteratorBase &, const T1 &)::[lambda(int) (instance 1)]>(int, T3)"
2.69s,3.769 μs,2.69s,8.838 ms,2.69884s,1.389 ms,10.231 ms,235722,235722,0,cudaLaunchKernel,48400 1 1,0128 1 1,"void at::native::vectorized_elementwise_kernel<(int)4, at::native::<unnamed>::launch_clamp_scalar(at::TensorIteratorBase &, c10::Scalar, c10::Scalar, at::native::detail::ClampLimits)::[lambda() (instance 1)]::operator ()() const::[lambda() (instance 7)]::operator ()() const::[lambda(float) (instance 1)], at::detail::Array<char *, (int)2>>(int, T2, T3)"
2.69003s,3.646 μs,2.69004s,10.190 ms,2.70023s,1.441 ms,11.635 ms,235722,235722,0,cudaLaunchKernel,23328 1 1,0256 1 1,"void at::native::<unnamed>::max_pool_forward_nchw<float, float>(int, const T1 *, long, long, long, int, int, int, int, int, int, int, int, int, int, T1 *, long *)"
2.69007s,3.401 μs,2.69007s,11.601 ms,2.70167s,745.538 μs,12.350 ms,235722,235722,0,cudaLaunchKernel,16   64    1,0936 1 1,"void cudnn::winograd_nonfused::winogradForwardData9x9_5x5<float, float>(cudnn::winograd_nonfused::WinogradDataParams<T1, T2>)"
2.69007s,2.300 μs,2.69007s,12.345 ms,2.70242s,74.720 μs,12.422 ms,235722,235722,0,cudaLaunchKernel,1  192    1,64   13    1,"void cudnn::winograd_nonfused::winogradForwardFilter9x9_5x5<float, float>(cudnn::winograd_nonfused::WinogradFilterParams<T1, T2>)"
2.69008s,3.242 μs,2.69009s,12.404 ms,2.70249s,2.269 ms,14.676 ms,235722,235722,0,cudaLaunchKernel,18    3  169,64    1    1,volta_sgemm_64x64_nn
2.69009s,2.240 μs,2.69009s,14.670 ms,2.70476s,2.020 ms,16.692 ms,235722,235722,0,cudaLaunchKernel,16  192    1,0936 1 1,"void cudnn::winograd_nonfused::winogradForwardOutput9x9_5x5<float, float>(cudnn::winograd_nonfused::WinogradOutputParams<T1, T2>)"
2.6901s,1.673 μs,2.6901s,16.685 ms,2.70678s,1.011 ms,17.698 ms,235722,235722,0,cudaLaunchKernel,69984 1 1,0128 1 1,"void at::native::elementwise_kernel<(int)128, (int)2, void at::native::gpu_kernel_impl_nocast<at::native::CUDAFunctor_add<float>>(at::TensorIteratorBase &, const T1 &)::[lambda(int) (instance 1)]>(int, T3)"
2.6901s,1.548 μs,2.6901s,17.690 ms,2.70779s,1.008 ms,18.699 ms,235722,235722,0,cudaLaunchKernel,34992 1 1,0128 1 1,"void at::native::vectorized_elementwise_kernel<(int)4, at::native::<unnamed>::launch_clamp_scalar(at::TensorIteratorBase &, c10::Scalar, c10::Scalar, at::native::detail::ClampLimits)::[lambda() (instance 1)]::operator ()() const::[lambda() (instance 7)]::operator ()() const::[lambda(float) (instance 1)], at::detail::Array<char *, (int)2>>(int, T2, T3)"
2.69011s,1.830 μs,2.69011s,18.689 ms,2.7088s,1.111 ms,19.802 ms,235722,235722,0,cudaLaunchKernel,16224 1 1,0256 1 1,"void at::native::<unnamed>::max_pool_forward_nchw<float, float>(int, const T1 *, long, long, long, int, int, int, int, int, int, int, int, int, int, T1 *, long *)"
2.69013s,2.350 μs,2.69013s,19.782 ms,2.70991s,594.145 μs,20.379 ms,235722,235722,0,cudaLaunchKernel,8  192    1,0256 1 1,"void cudnn::winograd_nonfused::winogradForwardData4x4<float, float>(cudnn::winograd_nonfused::WinogradDataParams<T1, T2>)"
2.69013s,1.750 μs,2.69013s,20.375 ms,2.71051s,110.369 μs,20.487 ms,235722,235722,0,cudaLaunchKernel,6   48    1,32    8    1,"void cudnn::winograd_nonfused::winogradForwardFilter4x4<float, float>(cudnn::winograd_nonfused::WinogradFilterParams<T1, T2>)"
2.69013s,1.805 μs,2.69014s,20.482 ms,2.71062s,6.927 ms,27.411 ms,235722,235722,0,cudaLaunchKernel,64    3   36,0256 1 1,volta_sgemm_32x128_nn
2.69014s,1.925 μs,2.69014s,27.407 ms,2.71755s,1.006 ms,28.416 ms,235722,235722,0,cudaLaunchKernel,8  384    1,0256 1 1,"void cudnn::winograd_nonfused::winogradForwardOutput4x4<float, float>(cudnn::winograd_nonfused::WinogradOutputParams<T1, T2>)"
2.69014s,1.555 μs,2.69014s,28.409 ms,2.71855s,470.466 μs,28.881 ms,235722,235722,0,cudaLaunchKernel,32448 1 1,0128 1 1,"void at::native::elementwise_kernel<(int)128, (int)2, void at::native::gpu_kernel_impl_nocast<at::native::CUDAFunctor_add<float>>(at::TensorIteratorBase &, const T1 &)::[lambda(int) (instance 1)]>(int, T3)"
2.69015s,1.606 μs,2.69015s,28.874 ms,2.71902s,467.713 μs,29.343 ms,235722,235722,0,cudaLaunchKernel,16224 1 1,0128 1 1,"void at::native::vectorized_elementwise_kernel<(int)4, at::native::<unnamed>::launch_clamp_scalar(at::TensorIteratorBase &, c10::Scalar, c10::Scalar, at::native::detail::ClampLimits)::[lambda() (instance 1)]::operator ()() const::[lambda() (instance 7)]::operator ()() const::[lambda(float) (instance 1)], at::detail::Array<char *, (int)2>>(int, T2, T3)"
2.69016s,1.606 μs,2.69016s,29.328 ms,2.71949s,1.165 ms,30.495 ms,235722,235722,0,cudaLaunchKernel,8  384    1,0256 1 1,"void cudnn::winograd_nonfused::winogradForwardData4x4<float, float>(cudnn::winograd_nonfused::WinogradDataParams<T1, T2>)"
2.69016s,1.152 μs,2.69016s,30.493 ms,2.72066s,149.089 μs,30.643 ms,235722,235722,0,cudaLaunchKernel,12   32    1,32    8    1,"void cudnn::winograd_nonfused::winogradForwardFilter4x4<float, float>(cudnn::winograd_nonfused::WinogradFilterParams<T1, T2>)"
2.69017s,1.232 μs,2.69017s,30.640 ms,2.72081s,8.910 ms,39.551 ms,235722,235722,0,cudaLaunchKernel,64    2   36,0256 1 1,volta_sgemm_32x128_nn
2.69017s,2.656 μs,2.69017s,39.547 ms,2.72972s,672.322 μs,40.222 ms,235722,235722,0,cudaLaunchKernel,8  256    1,0256 1 1,"void cudnn::winograd_nonfused::winogradForwardOutput4x4<float, float>(cudnn::winograd_nonfused::WinogradOutputParams<T1, T2>)"
2.69017s,1.616 μs,2.69017s,40.215 ms,2.73039s,313.889 μs,40.531 ms,235722,235722,0,cudaLaunchKernel,21632 1 1,0128 1 1,"void at::native::elementwise_kernel<(int)128, (int)2, void at::native::gpu_kernel_impl_nocast<at::native::CUDAFunctor_add<float>>(at::TensorIteratorBase &, const T1 &)::[lambda(int) (instance 1)]>(int, T3)"
2.69018s,1.513 μs,2.69018s,40.524 ms,2.7307s,312.129 μs,40.838 ms,235722,235722,0,cudaLaunchKernel,10816 1 1,0128 1 1,"void at::native::vectorized_elementwise_kernel<(int)4, at::native::<unnamed>::launch_clamp_scalar(at::TensorIteratorBase &, c10::Scalar, c10::Scalar, at::native::detail::ClampLimits)::[lambda() (instance 1)]::operator ()() const::[lambda() (instance 7)]::operator ()() const::[lambda(float) (instance 1)], at::detail::Array<char *, (int)2>>(int, T2, T3)"
2.69019s,1.447 μs,2.69019s,40.825 ms,2.73102s,787.330 μs,41.614 ms,235722,235722,0,cudaLaunchKernel,8  256    1,0256 1 1,"void cudnn::winograd_nonfused::winogradForwardData4x4<float, float>(cudnn::winograd_nonfused::WinogradDataParams<T1, T2>)"
2.69019s,1.348 μs,2.69019s,41.612 ms,2.73181s,91.648 μs,41.705 ms,235722,235722,0,cudaLaunchKernel,8   32    1,32    8    1,"void cudnn::winograd_nonfused::winogradForwardFilter4x4<float, float>(cudnn::winograd_nonfused::WinogradFilterParams<T1, T2>)"
2.69019s,1.182 μs,2.6902s,41.702 ms,2.7319s,6.037 ms,47.740 ms,235722,235722,0,cudaLaunchKernel,64    2   36,0256 1 1,volta_sgemm_32x128_nn
2.6902s,1.195 μs,2.6902s,47.738 ms,2.73793s,672.546 μs,48.412 ms,235722,235722,0,cudaLaunchKernel,8  256    1,0256 1 1,"void cudnn::winograd_nonfused::winogradForwardOutput4x4<float, float>(cudnn::winograd_nonfused::WinogradOutputParams<T1, T2>)"
2.6902s,1.483 μs,2.6902s,48.407 ms,2.73861s,313.985 μs,48.722 ms,235722,235722,0,cudaLaunchKernel,21632 1 1,0128 1 1,"void at::native::elementwise_kernel<(int)128, (int)2, void at::native::gpu_kernel_impl_nocast<at::native::CUDAFunctor_add<float>>(at::TensorIteratorBase &, const T1 &)::[lambda(int) (instance 1)]>(int, T3)"
2.69021s,1.665 μs,2.69021s,48.715 ms,2.73892s,310.593 μs,49.028 ms,235722,235722,0,cudaLaunchKernel,10816 1 1,0128 1 1,"void at::native::vectorized_elementwise_kernel<(int)4, at::native::<unnamed>::launch_clamp_scalar(at::TensorIteratorBase &, c10::Scalar, c10::Scalar, at::native::detail::ClampLimits)::[lambda() (instance 1)]::operator ()() const::[lambda() (instance 7)]::operator ()() const::[lambda(float) (instance 1)], at::detail::Array<char *, (int)2>>(int, T2, T3)"
2.69022s,1.710 μs,2.69022s,49.017 ms,2.73923s,380.001 μs,49.399 ms,235722,235722,0,cudaLaunchKernel,4608 1 1,0256 1 1,"void at::native::<unnamed>::max_pool_forward_nchw<float, float>(int, const T1 *, long, long, long, int, int, int, int, int, int, int, int, int, int, T1 *, long *)"
2.69025s,3.600 μs,2.69025s,49.362 ms,2.73961s,1.176 ms,50.542 ms,235722,235722,0,cudaLaunchKernel,32768 1 1,32    8    1,"void at::native::<unnamed>::adaptive_average_pool<float>(const T1 *, T1 *, int, int, int, int, long, long, long)"
2.6903s,3.310 μs,2.6903s,50.492 ms,2.74079s,78.560 μs,50.573 ms,235722,235722,0,cudaLaunchKernel,56    1    1,0256 1 1,"void at::native::<unnamed>::fused_dropout_kernel_vec<float, float, unsigned int, (int)1, (int)4, bool>(at::cuda::detail::TensorInfo<const T1, T3>, at::cuda::detail::TensorInfo<T1, T3>, at::cuda::detail::TensorInfo<T6, T3>, T3, T2, at::PhiloxCudaState)"
2.69034s,3.708 μs,2.69035s,50.525 ms,2.74087s,4.172 ms,54.701 ms,235722,235722,0,cudaLaunchKernel,32    1    5,0256 1 1,volta_sgemm_128x128_tn
2.69035s,1.665 μs,2.69036s,54.688 ms,2.74504s,27.648 μs,54.717 ms,235722,235722,0,cudaLaunchKernel,1024 1 1,0128 1 1,"void at::native::vectorized_elementwise_kernel<(int)4, at::native::<unnamed>::launch_clamp_scalar(at::TensorIteratorBase &, c10::Scalar, c10::Scalar, at::native::detail::ClampLimits)::[lambda() (instance 1)]::operator ()() const::[lambda() (instance 7)]::operator ()() const::[lambda(float) (instance 1)], at::detail::Array<char *, (int)2>>(int, T2, T3)"
2.69037s,1.771 μs,2.69037s,54.704 ms,2.74507s,35.904 μs,54.742 ms,235722,235722,0,cudaLaunchKernel,56    1    1,0256 1 1,"void at::native::<unnamed>::fused_dropout_kernel_vec<float, float, unsigned int, (int)1, (int)4, bool>(at::cuda::detail::TensorInfo<const T1, T3>, at::cuda::detail::TensorInfo<T1, T3>, at::cuda::detail::TensorInfo<T6, T3>, T3, T2, at::PhiloxCudaState)"
2.69038s,2.290 μs,2.69038s,54.724 ms,2.74511s,2.784 ms,57.511 ms,235722,235722,0,cudaLaunchKernel,64    4    1,0256 1 1,volta_sgemm_64x32_sliced1x4_tn
2.69039s,3.365 μs,2.69039s,57.502 ms,2.74789s,26.240 μs,57.532 ms,235722,235722,0,cudaLaunchKernel,1024 1 1,0128 1 1,"void at::native::vectorized_elementwise_kernel<(int)4, at::native::<unnamed>::launch_clamp_scalar(at::TensorIteratorBase &, c10::Scalar, c10::Scalar, at::native::detail::ClampLimits)::[lambda() (instance 1)]::operator ()() const::[lambda() (instance 7)]::operator ()() const::[lambda(float) (instance 1)], at::detail::Array<char *, (int)2>>(int, T2, T3)"
2.6904s,8.626 μs,2.69041s,57.512 ms,2.74792s,33.504 μs,57.554 ms,235722,235722,0,cudaLaunchKernel,1 1 26,0256 1 1,volta_sgemm_32x128_tn
2.69041s,3.248 μs,2.69042s,57.541 ms,2.74796s,4.192 μs,57.549 ms,235722,235722,0,cudaLaunchKernel,1 8 2001,32   16    1,"void splitKreduce_kernel<(int)32, (int)16, int, float, float, float, float, (bool)1, (bool)1, (bool)0>(cublasSplitKParams<T6>, const T4 *, const T5 *, T5 *, const T6 *, const T6 *, const T7 *, const T4 *, T7 *, void *, long, T6 *, int *)"
2.69044s,3.432 μs,2.69044s,57.519 ms,2.74796s,6.432 μs,57.529 ms,235722,235722,0,cudaLaunchKernel,2 1 2001,8   64    1,"void at::native::reduce_kernel<(int)512, (int)1, at::native::ReduceOp<float, at::native::MaxOps<float>, unsigned int, float, (int)4>>(T3)"
2.75417s,18.034 μs,-,-,2.75419s,1.760 μs,18.815 μs,235722,235722,0,cudaLaunchKernel,12 1 2001,0256 1 1,"void cask__5x_cudnn::computeOffsetsKernel<(bool)0, (bool)0>(cask__5x_cudnn::ComputeOffsetsParams)"
2.75419s,3.811 μs,2.7542s,951 ns,2.7542s,6.037 ms,6.041 ms,235722,235722,0,cudaLaunchKernel,2458 1 1,0128 1 1,_5x_cudnn_volta_scudnn_128x64_relu_xregs_large_nn_v1
2.75423s,5.645 μs,2.75423s,5.999 ms,2.76023s,1.136 ms,7.141 ms,235722,235722,0,cudaLaunchKernel,78650 1 1,0128 1 1,"void at::native::elementwise_kernel<(int)128, (int)2, void at::native::gpu_kernel_impl_nocast<at::native::CUDAFunctor_add<float>>(at::TensorIteratorBase &, const T1 &)::[lambda(int) (instance 1)]>(int, T3)"
2.75427s,3.656 μs,2.75427s,7.100 ms,2.76137s,1.134 ms,8.238 ms,235722,235722,0,cudaLaunchKernel,39325 1 1,0128 1 1,"void at::native::vectorized_elementwise_kernel<(int)4, at::native::<unnamed>::launch_clamp_scalar(at::TensorIteratorBase &, c10::Scalar, c10::Scalar, at::native::detail::ClampLimits)::[lambda() (instance 1)]::operator ()() const::[lambda() (instance 7)]::operator ()() const::[lambda(float) (instance 1)], at::detail::Array<char *, (int)2>>(int, T2, T3)"
2.7543s,3.889 μs,2.7543s,8.200 ms,2.7625s,1.171 ms,9.375 ms,235722,235722,0,cudaLaunchKernel,18954 1 1,0256 1 1,"void at::native::<unnamed>::max_pool_forward_nchw<float, float>(int, const T1 *, long, long, long, int, int, int, int, int, int, int, int, int, int, T1 *, long *)"
2.75468s,4.928 μs,2.75469s,8.987 ms,2.76368s,592.770 μs,9.585 ms,235722,235722,0,cudaLaunchKernel,14   64    1,0936 1 1,"void cudnn::winograd_nonfused::winogradForwardData9x9_5x5<float, float>(cudnn::winograd_nonfused::WinogradDataParams<T1, T2>)"
2.75469s,1.929 μs,2.75469s,9.578 ms,2.76427s,74.912 μs,9.655 ms,235722,235722,0,cudaLaunchKernel,1  192    1,64   13    1,"void cudnn::winograd_nonfused::winogradForwardFilter9x9_5x5<float, float>(cudnn::winograd_nonfused::WinogradFilterParams<T1, T2>)"
2.7547s,3.071 μs,2.7547s,9.647 ms,2.76435s,2.027 ms,11.677 ms,235722,235722,0,cudaLaunchKernel,16    3  169,64    1    1,volta_sgemm_64x64_nn
2.7547s,4.115 μs,2.7547s,11.669 ms,2.76637s,1.656 ms,13.329 ms,235722,235722,0,cudaLaunchKernel,14  192    1,0936 1 1,"void cudnn::winograd_nonfused::winogradForwardOutput9x9_5x5<float, float>(cudnn::winograd_nonfused::WinogradOutputParams<T1, T2>)"
2.75472s,2.546 μs,2.75472s,13.309 ms,2.76803s,821.955 μs,14.133 ms,235722,235722,0,cudaLaunchKernel,56862 1 1,0128 1 1,"void at::native::elementwise_kernel<(int)128, (int)2, void at::native::gpu_kernel_impl_nocast<at::native::CUDAFunctor_add<float>>(at::TensorIteratorBase &, const T1 &)::[lambda(int) (instance 1)]>(int, T3)"
2.75474s,2.277 μs,2.75474s,14.114 ms,2.76885s,818.658 μs,14.935 ms,235722,235722,0,cudaLaunchKernel,28431 1 1,0128 1 1,"void at::native::vectorized_elementwise_kernel<(int)4, at::native::<unnamed>::launch_clamp_scalar(at::TensorIteratorBase &, c10::Scalar, c10::Scalar, at::native::detail::ClampLimits)::[lambda() (instance 1)]::operator ()() const::[lambda() (instance 7)]::operator ()() const::[lambda(float) (instance 1)], at::detail::Array<char *, (int)2>>(int, T2, T3)"
2.75475s,2.076 μs,2.75475s,14.918 ms,2.76967s,911.234 μs,15.831 ms,235722,235722,0,cudaLaunchKernel,13182 1 1,0256 1 1,"void at::native::<unnamed>::max_pool_forward_nchw<float, float>(int, const T1 *, long, long, long, int, int, int, int, int, int, int, int, int, int, T1 *, long *)"
2.75508s,3.894 μs,2.75508s,15.498 ms,2.77058s,511.458 μs,16.014 ms,235722,235722,0,cudaLaunchKernel,7  192    1,0256 1 1,"void cudnn::winograd_nonfused::winogradForwardData4x4<float, float>(cudnn::winograd_nonfused::WinogradDataParams<T1, T2>)"
2.75508s,1.825 μs,2.75509s,16.008 ms,2.77109s,110.528 μs,16.121 ms,235722,235722,0,cudaLaunchKernel,6   48    1,32    8    1,"void cudnn::winograd_nonfused::winogradForwardFilter4x4<float, float>(cudnn::winograd_nonfused::WinogradFilterParams<T1, T2>)"
2.75509s,3.466 μs,2.75509s,16.114 ms,2.77121s,6.068 ms,22.185 ms,235722,235722,0,cudaLaunchKernel,56    3   36,0256 1 1,volta_sgemm_32x128_nn
2.75509s,1.890 μs,2.75509s,22.180 ms,2.77727s,863.842 μs,23.045 ms,235722,235722,0,cudaLaunchKernel,7  384    1,0256 1 1,"void cudnn::winograd_nonfused::winogradForwardOutput4x4<float, float>(cudnn::winograd_nonfused::WinogradOutputParams<T1, T2>)"
2.75511s,2.218 μs,2.75511s,23.030 ms,2.77814s,382.561 μs,23.415 ms,235722,235722,0,cudaLaunchKernel,26364 1 1,0128 1 1,"void at::native::elementwise_kernel<(int)128, (int)2, void at::native::gpu_kernel_impl_nocast<at::native::CUDAFunctor_add<float>>(at::TensorIteratorBase &, const T1 &)::[lambda(int) (instance 1)]>(int, T3)"
2.75512s,1.990 μs,2.75512s,23.400 ms,2.77852s,380.066 μs,23.782 ms,235722,235722,0,cudaLaunchKernel,13182 1 1,0128 1 1,"void at::native::vectorized_elementwise_kernel<(int)4, at::native::<unnamed>::launch_clamp_scalar(at::TensorIteratorBase &, c10::Scalar, c10::Scalar, at::native::detail::ClampLimits)::[lambda() (instance 1)]::operator ()() const::[lambda() (instance 7)]::operator ()() const::[lambda(float) (instance 1)], at::detail::Array<char *, (int)2>>(int, T2, T3)"
2.75543s,3.133 μs,2.75543s,23.470 ms,2.7789s,1.008 ms,24.482 ms,235722,235722,0,cudaLaunchKernel,7  384    1,0256 1 1,"void cudnn::winograd_nonfused::winogradForwardData4x4<float, float>(cudnn::winograd_nonfused::WinogradDataParams<T1, T2>)"
2.75543s,1.947 μs,2.75543s,24.477 ms,2.77991s,146.945 μs,24.626 ms,235722,235722,0,cudaLaunchKernel,12   32    1,32    8    1,"void cudnn::winograd_nonfused::winogradForwardFilter4x4<float, float>(cudnn::winograd_nonfused::WinogradFilterParams<T1, T2>)"
2.75543s,1.582 μs,2.75544s,24.622 ms,2.78006s,7.943 ms,32.567 ms,235722,235722,0,cudaLaunchKernel,56    2   36,0256 1 1,volta_sgemm_32x128_nn
2.75544s,1.533 μs,2.75544s,32.564 ms,2.788s,576.578 μs,33.142 ms,235722,235722,0,cudaLaunchKernel,7  256    1,0256 1 1,"void cudnn::winograd_nonfused::winogradForwardOutput4x4<float, float>(cudnn::winograd_nonfused::WinogradOutputParams<T1, T2>)"
2.75545s,2.087 μs,2.75545s,33.126 ms,2.78858s,254.945 μs,33.383 ms,235722,235722,0,cudaLaunchKernel,17576 1 1,0128 1 1,"void at::native::elementwise_kernel<(int)128, (int)2, void at::native::gpu_kernel_impl_nocast<at::native::CUDAFunctor_add<float>>(at::TensorIteratorBase &, const T1 &)::[lambda(int) (instance 1)]>(int, T3)"
2.75546s,1.742 μs,2.75546s,33.370 ms,2.78883s,253.249 μs,33.625 ms,235722,235722,0,cudaLaunchKernel,8788 1 1,0128 1 1,"void at::native::vectorized_elementwise_kernel<(int)4, at::native::<unnamed>::launch_clamp_scalar(at::TensorIteratorBase &, c10::Scalar, c10::Scalar, at::native::detail::ClampLimits)::[lambda() (instance 1)]::operator ()() const::[lambda() (instance 7)]::operator ()() const::[lambda(float) (instance 1)], at::detail::Array<char *, (int)2>>(int, T2, T3)"
2.75576s,2.727 μs,2.75577s,33.321 ms,2.78909s,678.305 μs,34.002 ms,235722,235722,0,cudaLaunchKernel,7  256    1,0256 1 1,"void cudnn::winograd_nonfused::winogradForwardData4x4<float, float>(cudnn::winograd_nonfused::WinogradDataParams<T1, T2>)"
2.75577s,1.614 μs,2.75577s,33.998 ms,2.78977s,92.161 μs,34.091 ms,235722,235722,0,cudaLaunchKernel,8   32    1,32    8    1,"void cudnn::winograd_nonfused::winogradForwardFilter4x4<float, float>(cudnn::winograd_nonfused::WinogradFilterParams<T1, T2>)"
2.75577s,1.607 μs,2.75577s,34.088 ms,2.78986s,5.390 ms,39.479 ms,235722,235722,0,cudaLaunchKernel,56    2   36,0256 1 1,volta_sgemm_32x128_nn
2.75577s,1.448 μs,2.75577s,39.476 ms,2.79525s,577.537 μs,40.055 ms,235722,235722,0,cudaLaunchKernel,7  256    1,0256 1 1,"void cudnn::winograd_nonfused::winogradForwardOutput4x4<float, float>(cudnn::winograd_nonfused::WinogradOutputParams<T1, T2>)"
2.75578s,1.732 μs,2.75579s,40.042 ms,2.79583s,254.785 μs,40.299 ms,235722,235722,0,cudaLaunchKernel,17576 1 1,0128 1 1,"void at::native::elementwise_kernel<(int)128, (int)2, void at::native::gpu_kernel_impl_nocast<at::native::CUDAFunctor_add<float>>(at::TensorIteratorBase &, const T1 &)::[lambda(int) (instance 1)]>(int, T3)"
2.75579s,3.499 μs,2.7558s,40.286 ms,2.79608s,253.121 μs,40.543 ms,235722,235722,0,cudaLaunchKernel,8788 1 1,0128 1 1,"void at::native::vectorized_elementwise_kernel<(int)4, at::native::<unnamed>::launch_clamp_scalar(at::TensorIteratorBase &, c10::Scalar, c10::Scalar, at::native::detail::ClampLimits)::[lambda() (instance 1)]::operator ()() const::[lambda() (instance 7)]::operator ()() const::[lambda(float) (instance 1)], at::detail::Array<char *, (int)2>>(int, T2, T3)"
2.75581s,2.089 μs,2.75581s,40.525 ms,2.79634s,309.761 μs,40.837 ms,235722,235722,0,cudaLaunchKernel,3744 1 1,0256 1 1,"void at::native::<unnamed>::max_pool_forward_nchw<float, float>(int, const T1 *, long, long, long, int, int, int, int, int, int, int, int, int, int, T1 *, long *)"
2.75585s,3.176 μs,2.75585s,40.797 ms,2.79665s,941.091 μs,41.741 ms,235722,235722,0,cudaLaunchKernel,26624 1 1,32    8    1,"void at::native::<unnamed>::adaptive_average_pool<float>(const T1 *, T1 *, int, int, int, int, long, long, long)"
2.7559s,7.657 μs,2.75591s,41.683 ms,2.79759s,62.944 μs,41.754 ms,235722,235722,0,cudaLaunchKernel,56    1    1,0256 1 1,"void at::native::<unnamed>::fused_dropout_kernel_vec<float, float, unsigned int, (int)1, (int)4, bool>(at::cuda::detail::TensorInfo<const T1, T3>, at::cuda::detail::TensorInfo<T1, T3>, at::cuda::detail::TensorInfo<T6, T3>, T3, T2, at::PhiloxCudaState)"
2.75597s,3.352 μs,2.75597s,41.681 ms,2.79765s,4.026 ms,45.710 ms,235722,235722,0,cudaLaunchKernel,32    1    8,0256 1 1,volta_sgemm_128x128_tn
2.75598s,2.189 μs,2.75598s,45.696 ms,2.80168s,20.960 μs,45.719 ms,235722,235722,0,cudaLaunchKernel,0832 1 1,0128 1 1,"void at::native::vectorized_elementwise_kernel<(int)4, at::native::<unnamed>::launch_clamp_scalar(at::TensorIteratorBase &, c10::Scalar, c10::Scalar, at::native::detail::ClampLimits)::[lambda() (instance 1)]::operator ()() const::[lambda() (instance 7)]::operator ()() const::[lambda(float) (instance 1)], at::detail::Array<char *, (int)2>>(int, T2, T3)"
2.756s,2.067 μs,2.756s,45.702 ms,2.8017s,29.441 μs,45.733 ms,235722,235722,0,cudaLaunchKernel,56    1    1,0256 1 1,"void at::native::<unnamed>::fused_dropout_kernel_vec<float, float, unsigned int, (int)1, (int)4, bool>(at::cuda::detail::TensorInfo<const T1, T3>, at::cuda::detail::TensorInfo<T1, T3>, at::cuda::detail::TensorInfo<T6, T3>, T3, T2, at::PhiloxCudaState)"
2.75602s,1.911 μs,2.75602s,45.712 ms,2.80173s,1.736 ms,47.450 ms,235722,235722,0,cudaLaunchKernel,32    1    8,0256 1 1,volta_sgemm_128x128_tn
2.75603s,2.001 μs,2.75603s,47.441 ms,2.80347s,21.120 μs,47.464 ms,235722,235722,0,cudaLaunchKernel,0832 1 1,0128 1 1,"void at::native::vectorized_elementwise_kernel<(int)4, at::native::<unnamed>::launch_clamp_scalar(at::TensorIteratorBase &, c10::Scalar, c10::Scalar, at::native::detail::ClampLimits)::[lambda() (instance 1)]::operator ()() const::[lambda() (instance 7)]::operator ()() const::[lambda(float) (instance 1)], at::detail::Array<char *, (int)2>>(int, T2, T3)"
2.75604s,2.477 μs,2.75605s,47.444 ms,2.80349s,32.032 μs,47.478 ms,235722,235722,0,cudaLaunchKernel,1 1 26,0256 1 1,volta_sgemm_32x128_tn
2.75605s,3.423 μs,2.75605s,47.472 ms,2.80352s,4.129 μs,47.480 ms,235722,235722,0,cudaLaunchKernel,1 7 2001,32   16    1,"void splitKreduce_kernel<(int)32, (int)16, int, float, float, float, float, (bool)1, (bool)1, (bool)0>(cublasSplitKParams<T6>, const T4 *, const T5 *, T5 *, const T6 *, const T6 *, const T7 *, const T4 *, T7 *, void *, long, T6 *, int *)"
2.75608s,3.519 μs,2.75608s,47.445 ms,2.80353s,5.952 μs,47.454 ms,235722,235722,0,cudaLaunchKernel,2 1 2001,8   64    1,"void at::native::reduce_kernel<(int)512, (int)1, at::native::ReduceOp<float, at::native::MaxOps<float>, unsigned int, float, (int)4>>(T3)"